Timestamp,Central America,Africa,Middle East,Oceania,South America,Russia,Asia,Europe,North America
2024-06-12 16:50:00,63,124,932,176,1152,1948,6941,7953,4087
2024-06-12 17:00:00,62,122,932,176,1152,1902,6444,7941,4087
2024-06-12 17:10:00,63,124,932,177,1162,1931,6444,7953,4130
2024-06-12 17:20:00,62,122,943,180,1175,1931,6025,8061,4206
2024-06-12 17:30:00,61,120,943,180,1175,1950,5663,8061,4219
2024-06-12 17:40:00,60,119,943,177,1175,1950,5313,7987,4222
2024-06-12 17:50:00,60,118,937,173,1173,1936,4975,7987,4312
2024-06-12 18:00:00,61,117,944,173,1167,1893,4677,8054,4322
2024-06-12 18:10:00,61,112,946,173,1173,1893,4422,8073,4415
2024-06-12 18:20:00,61,112,949,173,1170,1878,4212,8140,4508
2024-06-12 18:30:00,63,112,950,165,1176,1875,4002,8140,4534
2024-06-12 18:40:00,63,112,950,161,1179,1833,3813,8049,4536
2024-06-12 18:50:00,61,110,946,156,1193,1812,3682,8005,4596
2024-06-12 19:00:00,61,110,931,156,1216,1799,3498,7851,4631
2024-06-12 19:10:00,61,108,924,152,1244,1737,3373,7817,4667
2024-06-12 19:20:00,61,108,906,150,1263,1737,3216,7752,4710
2024-06-12 19:30:00,61,106,904,150,1263,1706,3046,7713,4755
2024-06-12 19:40:00,61,103,902,148,1241,1658,2911,7474,4822
2024-06-12 19:50:00,64,102,894,143,1240,1598,2807,7366,4892
2024-06-12 20:00:00,65,99,888,141,1241,1577,2673,7120,4972
2024-06-12 20:10:00,65,99,866,141,1253,1542,2571,6909,5039
2024-06-12 20:20:00,65,98,848,142,1286,1499,2470,6751,5156
2024-06-12 20:30:00,66,96,841,143,1327,1424,2369,6503,5190
2024-06-12 20:40:00,67,92,813,144,1350,1378,2264,6259,5228
2024-06-12 20:50:00,68,87,810,146,1397,1327,2204,6052,5314
2024-06-12 21:00:00,68,86,809,148,1440,1288,2104,5803,5409
2024-06-12 21:10:00,68,83,804,148,1480,1229,2007,5497,5425
2024-06-12 21:20:00,69,78,785,152,1519,1166,1914,5249,5566
2024-06-12 21:30:00,68,74,770,158,1566,1120,1880,4967,5739
2024-06-12 21:40:00,68,74,742,162,1604,1075,1781,4702,5761
2024-06-12 21:50:00,68,73,728,165,1664,1028,1740,4478,5866
2024-06-12 22:00:00,71,73,713,171,1694,965,1673,4236,5974
2024-06-12 22:10:00,71,71,695,177,1707,910,1646,4001,6034
2024-06-12 22:20:00,71,70,673,179,1762,870,1630,3812,6189
2024-06-12 22:30:00,74,68,646,181,1768,824,1626,3541,6211
2024-06-12 22:40:00,77,63,640,196,1769,789,1594,3364,6404
2024-06-12 22:50:00,77,60,607,196,1769,722,1572,3071,6404
2024-06-12 23:00:00,77,60,601,199,1769,689,1572,2875,6404
2024-06-12 23:10:00,75,60,582,227,1839,681,1696,2836,6872
2024-06-12 23:20:00,78,60,582,229,1839,649,1714,2596,6872
2024-06-12 23:30:00,78,59,578,230,1811,638,1778,2455,6778
2024-06-12 23:40:00,87,55,573,232,1808,598,1874,2316,6778
2024-06-12 23:50:00,88,53,550,234,1804,564,1981,2197,6903
2024-06-13 00:00:00,89,53,531,239,1804,540,2116,2059,6921
2024-06-13 00:10:00,90,53,508,239,1810,519,2303,1929,6984
2024-06-13 00:20:00,92,50,506,249,1822,517,2478,1848,7009
2024-06-13 00:30:00,92,49,491,249,1822,499,2684,1773,7035
2024-06-13 00:40:00,92,48,481,256,1763,483,2897,1687,7039
2024-06-13 00:50:00,92,47,466,257,1711,469,3074,1602,7061
2024-06-13 01:00:00,90,46,455,258,1686,457,3259,1514,7061
2024-06-13 01:10:00,85,45,441,260,1686,437,3429,1470,7061
2024-06-13 01:20:00,85,44,437,262,1682,434,3577,1396,7088
2024-06-13 01:30:00,85,44,427,272,1682,429,3754,1349,7088
2024-06-13 01:40:00,85,41,403,280,1658,408,3895,1278,7040
2024-06-13 01:50:00,85,41,396,281,1641,396,4061,1251,7038
2024-06-13 02:00:00,85,39,381,285,1616,396,4262,1220,7006
2024-06-13 02:10:00,85,39,377,296,1591,402,4447,1192,6975
2024-06-13 02:20:00,85,39,355,301,1544,402,4617,1147,6895
2024-06-13 02:30:00,84,38,350,303,1518,391,4774,1109,6783
2024-06-13 02:40:00,84,38,337,306,1480,391,4907,1066,6633
2024-06-13 02:50:00,83,37,321,307,1434,385,5000,1017,6524
2024-06-13 03:00:00,83,37,307,310,1361,385,5049,1005,6425
2024-06-13 03:10:00,81,37,282,310,1348,385,5185,970,6349
2024-06-13 03:20:00,79,37,277,322,1279,390,5272,943,6280
2024-06-13 03:30:00,79,34,269,322,1224,390,5357,940,6161
2024-06-13 03:40:00,79,34,264,322,1172,389,5473,911,5981
2024-06-13 03:50:00,73,35,260,322,1114,389,5628,909,5875
2024-06-13 04:00:00,71,35,247,334,1046,394,5887,901,5741
2024-06-13 04:10:00,68,35,247,336,1000,416,6133,901,5625
2024-06-13 04:20:00,68,37,252,348,1000,436,6470,966,5469
2024-06-13 04:30:00,67,40,257,363,1000,455,6776,998,5327
2024-06-13 04:40:00,64,42,258,363,983,477,6976,1002,5153
2024-06-13 04:50:00,64,44,260,362,954,495,7066,1023,5007
2024-06-13 05:00:00,64,44,266,362,894,513,7109,1044,4791
2024-06-13 05:10:00,61,45,281,372,828,544,7109,1070,4666
2024-06-13 05:20:00,61,45,299,382,790,558,7055,1144,4509
2024-06-13 05:30:00,61,45,302,402,751,577,7043,1178,4301
2024-06-13 05:40:00,59,46,316,404,700,608,6967,1222,4131
2024-06-13 05:50:00,56,50,335,423,673,639,6925,1288,3972
2024-06-13 06:00:00,54,52,340,437,634,667,6915,1350,3775
2024-06-13 06:10:00,52,54,356,448,605,696,6869,1434,3682
2024-06-13 06:20:00,51,57,372,455,574,731,6869,1528,3519
2024-06-13 06:30:00,46,60,388,468,541,763,6861,1614,3377
2024-06-13 06:40:00,45,64,401,484,507,784,6865,1689,3284
2024-06-13 06:50:00,41,64,417,488,478,809,6865,1775,3188
2024-06-13 07:00:00,39,64,430,502,470,836,6887,1905,3060
2024-06-13 07:10:00,37,66,448,515,455,856,6983,2011,3046
2024-06-13 07:20:00,36,66,470,525,440,895,7062,2138,3000
2024-06-13 07:30:00,36,69,482,529,403,933,7101,2222,2876
2024-06-13 07:40:00,33,69,511,544,382,969,7172,2322,2760
2024-06-13 07:50:00,29,71,521,556,380,1014,7265,2370,2675
2024-06-13 08:00:00,29,73,534,564,371,1025,7340,2474,2634
2024-06-13 08:10:00,27,73,566,579,356,1036,7391,2604,2619
2024-06-13 08:20:00,27,75,576,580,351,1084,7490,2690,2575
2024-06-13 08:30:00,26,79,599,580,323,1099,7625,2802,2442
2024-06-13 08:40:00,26,79,606,578,299,1128,7736,2840,2327
2024-06-13 08:50:00,26,80,620,578,288,1133,7764,2918,2281
2024-06-13 09:00:00,27,80,636,578,288,1146,7861,2968,2281
2024-06-13 09:10:00,27,82,665,593,303,1191,8105,3177,2682
2024-06-13 09:20:00,27,91,695,661,304,1295,8460,3515,2682
2024-06-13 09:30:00,27,98,704,661,304,1304,8510,3570,2588
2024-06-13 09:40:00,25,98,716,647,295,1319,8636,3587,2367
2024-06-13 09:50:00,25,98,737,637,295,1333,8812,3604,2243
2024-06-13 10:00:00,25,98,747,631,296,1345,9121,3651,2203
2024-06-13 10:10:00,22,100,752,622,297,1347,9364,3785,2194
2024-06-13 10:20:00,22,100,764,618,298,1362,9628,3825,2162
2024-06-13 10:30:00,20,99,769,605,303,1385,9942,3828,2072
2024-06-13 10:40:00,20,99,769,587,311,1400,10185,3910,2038
2024-06-13 10:50:00,20,100,775,584,323,1400,10344,3963,1969
2024-06-13 11:00:00,20,100,775,548,323,1396,10561,4011,1961
2024-06-13 11:10:00,20,101,777,548,352,1396,10741,4084,1915
2024-06-13 11:20:00,21,104,794,536,382,1412,10932,4202,1915
2024-06-13 11:30:00,21,104,804,522,413,1412,11012,4206,1881
2024-06-13 11:40:00,22,105,809,495,421,1414,11144,4274,1877
2024-06-13 11:50:00,24,105,815,483,443,1414,11259,4346,1881
2024-06-13 12:00:00,24,105,817,476,465,1426,11350,4424,1886
2024-06-13 12:10:00,25,108,817,458,514,1438,11460,4488,1929
2024-06-13 12:20:00,27,108,819,448,549,1442,11566,4577,1933
2024-06-13 12:30:00,28,103,819,427,593,1463,11637,4635,1954
2024-06-13 12:40:00,28,102,819,414,616,1463,11753,4714,1990
2024-06-13 12:50:00,29,102,816,395,640,1461,11811,4787,2010
2024-06-13 13:00:00,31,104,813,385,653,1454,11862,4806,2086
2024-06-13 13:10:00,34,105,812,372,697,1437,11880,4893,2202
2024-06-13 13:20:00,35,112,810,363,738,1437,11882,4960,2237
2024-06-13 13:30:00,34,114,810,357,767,1486,11886,5073,2265
2024-06-13 13:40:00,35,114,822,342,798,1498,11919,5184,2324
2024-06-13 13:50:00,35,113,827,329,835,1519,11919,5289,2340
2024-06-13 14:00:00,36,112,828,312,865,1528,11812,5401,2376
2024-06-13 14:10:00,36,112,836,304,877,1528,11641,5478,2468
2024-06-13 14:20:00,41,115,839,288,919,1528,11525,5591,2536
2024-06-13 14:30:00,41,116,839,273,940,1562,11334,5680,2556
2024-06-13 14:40:00,42,116,839,254,987,1603,11183,5826,2638
2024-06-13 14:50:00,43,116,841,252,1030,1673,10955,6059,2857
2024-06-13 15:00:00,48,116,855,251,1041,1687,10667,6231,2911
2024-06-13 15:10:00,49,116,856,246,1074,1698,10214,6395,2943
2024-06-13 15:20:00,50,117,868,239,1112,1694,9966,6692,3082
2024-06-13 15:30:00,51,125,875,227,1130,1698,9528,6866,3132
2024-06-13 15:40:00,52,131,880,213,1137,1703,8986,6941,3201
2024-06-13 15:50:00,54,132,888,210,1160,1713,8524,7033,3292
2024-06-13 16:00:00,56,133,898,205,1178,1713,8141,7163,3314
2024-06-13 16:10:00,57,136,904,205,1223,1713,7765,7306,3591
2024-06-13 16:20:00,62,137,906,210,1326,1740,7390,7888,4436
2024-06-13 16:30:00,67,145,935,210,1383,1756,6992,8185,4790
2024-06-13 16:40:00,74,145,942,208,1402,1764,6618,8285,4992
2024-06-13 16:50:00,74,145,945,198,1410,1786,6265,8335,5030
2024-06-13 17:00:00,74,143,945,198,1410,1792,5920,8358,5065
2024-06-13 17:10:00,74,142,942,199,1410,1794,5591,8418,5121
2024-06-13 17:20:00,73,141,941,201,1436,1804,5255,8526,5141
2024-06-13 17:30:00,73,141,938,201,1446,1804,4961,8538,5141
2024-06-13 17:40:00,72,138,940,193,1446,1798,4678,8541,5148
2024-06-13 17:50:00,72,136,933,179,1464,1787,4430,8546,5148
2024-06-13 18:00:00,73,136,929,179,1466,1757,4150,8546,5165
2024-06-13 18:10:00,75,137,929,181,1466,1757,3943,8572,5195
2024-06-13 18:20:00,75,137,932,181,1461,1752,3757,8569,5195
2024-06-13 18:30:00,75,135,932,174,1461,1738,3571,8569,5195
2024-06-13 18:40:00,75,131,936,169,1462,1729,3377,8547,5244
2024-06-13 18:50:00,75,129,934,167,1462,1688,3205,8437,5271
2024-06-13 19:00:00,75,125,934,166,1459,1651,3035,8346,5303
2024-06-13 19:10:00,74,122,921,166,1459,1622,2927,8248,5376
2024-06-13 19:20:00,73,122,918,159,1481,1612,2802,8162,5422
2024-06-13 19:30:00,72,122,902,159,1501,1561,2656,8011,5514
2024-06-13 19:40:00,72,120,902,156,1525,1524,2551,7903,5566
2024-06-13 19:50:00,74,118,877,154,1540,1474,2430,7767,5684
2024-06-13 20:00:00,76,113,871,154,1561,1433,2317,7536,5697
2024-06-13 20:10:00,77,113,858,154,1578,1383,2217,7322,5760
2024-06-13 20:20:00,79,111,847,154,1579,1335,2115,7219,5869
2024-06-13 20:30:00,79,109,839,159,1616,1303,2056,6975,5964
2024-06-13 20:40:00,79,107,839,162,1660,1228,1969,6747,6031
2024-06-13 20:50:00,81,103,812,162,1701,1190,1879,6479,6124
2024-06-13 21:00:00,82,100,801,169,1742,1153,1825,6137,6191
2024-06-13 21:10:00,85,97,801,172,1822,1093,1762,5909,6292
2024-06-13 21:20:00,85,94,781,172,1878,1048,1685,5587,6516
2024-06-13 21:30:00,85,92,774,175,1923,990,1631,5295,6570
2024-06-13 21:40:00,85,87,744,178,1994,946,1568,5044,6721
2024-06-13 21:50:00,85,87,727,180,2021,903,1503,4737,6778
2024-06-13 22:00:00,86,85,726,189,2058,864,1481,4538,6911
2024-06-13 22:10:00,89,85,707,195,2068,809,1444,4299,6960
2024-06-13 22:20:00,89,82,697,206,2123,782,1439,4064,7015
2024-06-13 22:30:00,89,80,673,220,2165,759,1430,3816,7174
2024-06-13 22:40:00,91,78,659,227,2165,721,1420,3557,7216
2024-06-13 22:50:00,91,76,643,230,2172,677,1425,3341,7335
2024-06-13 23:00:00,92,75,625,239,2199,635,1425,3122,7431
2024-06-13 23:10:00,93,73,614,247,2210,599,1442,2935,7483
2024-06-13 23:20:00,97,68,581,258,2210,576,1497,2751,7498
2024-06-13 23:30:00,99,66,568,265,2209,556,1537,2617,7633
2024-06-13 23:40:00,99,66,558,275,2209,528,1622,2471,7648
2024-06-13 23:50:00,101,65,533,280,2209,514,1751,2307,7743
2024-06-14 00:00:00,104,65,533,286,2212,514,1866,2201,7779
2024-06-14 00:10:00,104,65,551,303,2303,528,2111,2201,7915
2024-06-14 00:20:00,105,65,563,321,2414,561,2506,2170,8060
2024-06-14 00:30:00,103,63,563,323,2414,561,2637,2052,8118
2024-06-14 00:40:00,105,63,543,327,2342,511,2761,1960,8118
2024-06-14 00:50:00,105,62,518,328,2261,486,2940,1855,8132
2024-06-14 01:00:00,106,61,504,335,2237,463,3094,1760,8132
2024-06-14 01:10:00,105,58,489,337,2203,444,3257,1680,8117
2024-06-14 01:20:00,106,58,473,340,2175,429,3430,1626,8117
2024-06-14 01:30:00,102,56,457,340,2141,419,3590,1540,8117
2024-06-14 01:40:00,97,55,448,342,2077,413,3751,1484,8115
2024-06-14 01:50:00,97,54,436,359,2047,400,3930,1418,8094
2024-06-14 02:00:00,98,54,413,368,1975,398,4122,1371,8032
2024-06-14 02:10:00,99,54,394,371,1901,396,4367,1326,7979
2024-06-14 02:20:00,99,51,382,378,1851,395,4559,1275,7919
2024-06-14 02:30:00,99,49,370,380,1808,378,4746,1231,7813
2024-06-14 02:40:00,95,49,362,382,1749,378,4897,1206,7767
2024-06-14 02:50:00,95,47,351,391,1689,381,5035,1167,7651
2024-06-14 03:00:00,95,45,345,391,1635,386,5089,1133,7495
2024-06-14 03:10:00,95,44,337,391,1577,392,5193,1086,7405
2024-06-14 03:20:00,92,41,320,395,1507,395,5333,1070,7302
2024-06-14 03:30:00,90,41,309,402,1430,399,5422,1045,7029
2024-06-14 03:40:00,88,42,299,407,1357,401,5570,1031,6841
2024-06-14 03:50:00,88,42,290,413,1304,409,5767,1009,6754
2024-06-14 04:00:00,88,41,283,428,1217,414,5971,1009,6559
2024-06-14 04:10:00,83,41,281,430,1159,435,6240,1009,6551
2024-06-14 04:20:00,80,42,280,441,1098,448,6603,1040,6388
2024-06-14 04:30:00,79,43,279,442,1033,458,6850,1047,6195
2024-06-14 04:40:00,79,43,280,448,977,479,6989,1068,6019
2024-06-14 04:50:00,75,45,281,454,935,498,7029,1086,5761
2024-06-14 05:00:00,70,45,289,472,899,513,7096,1120,5488
2024-06-14 05:10:00,70,45,298,473,847,538,7096,1176,5413
2024-06-14 05:20:00,64,45,301,478,794,564,7068,1218,5215
2024-06-14 05:30:00,64,45,308,493,750,583,7061,1275,4973
2024-06-14 05:40:00,63,46,319,501,701,603,7035,1357,4796
2024-06-14 05:50:00,63,47,327,519,661,629,7030,1429,4577
2024-06-14 06:00:00,57,49,335,525,642,656,7030,1509,4389
2024-06-14 06:10:00,54,52,350,537,599,692,7034,1623,4291
2024-06-14 06:20:00,51,54,358,558,567,720,7034,1746,4088
2024-06-14 06:30:00,50,56,371,566,529,733,7034,1841,3927
2024-06-14 06:40:00,45,60,378,584,504,752,7110,1945,3769
2024-06-14 06:50:00,44,60,392,596,467,779,7152,2045,3621
2024-06-14 07:00:00,40,60,412,607,447,798,7213,2155,3571
2024-06-14 07:10:00,40,61,422,609,447,828,7346,2296,3515
2024-06-14 07:20:00,39,62,440,636,443,973,7652,2526,3481
2024-06-14 07:30:00,39,63,451,642,421,973,7652,2592,3319
2024-06-14 07:40:00,39,65,468,649,374,940,7576,2636,3174
2024-06-14 07:50:00,37,65,492,655,361,940,7576,2734,3055
2024-06-14 08:00:00,37,65,509,655,345,972,7665,2861,2957
2024-06-14 08:10:00,34,65,531,650,323,988,7791,2961,2939
2024-06-14 08:20:00,32,66,551,650,316,1030,7944,3068,2875
2024-06-14 08:30:00,31,69,561,660,306,1061,8082,3168,2763
2024-06-14 08:40:00,28,70,569,667,294,1095,8155,3218,2683
2024-06-14 08:50:00,27,75,602,668,279,1117,8242,3335,2616
2024-06-14 09:00:00,27,77,616,675,272,1131,8365,3443,2599
2024-06-14 09:10:00,26,78,627,676,269,1136,8458,3524,2599
2024-06-14 09:20:00,26,79,643,676,262,1162,8621,3606,2599
2024-06-14 09:30:00,26,80,653,667,247,1168,8739,3655,2417
2024-06-14 09:40:00,25,84,665,664,247,1182,8891,3709,2323
2024-06-14 09:50:00,23,86,689,660,252,1211,9079,3807,2265
2024-06-14 10:00:00,23,90,701,654,254,1228,9314,3875,2204
2024-06-14 10:10:00,23,90,713,650,254,1229,9569,3994,2197
2024-06-14 10:20:00,23,91,725,648,259,1262,9889,4083,2153
2024-06-14 10:30:00,23,91,740,638,274,1271,10146,4162,2069
2024-06-14 10:40:00,21,93,746,638,282,1309,10308,4228,2048
2024-06-14 10:50:00,21,91,747,631,299,1315,10572,4326,2010
2024-06-14 11:00:00,22,93,760,613,326,1327,10834,4458,1991
2024-06-14 11:10:00,22,93,779,613,340,1379,11124,4524,1987
2024-06-14 11:20:00,22,95,780,610,363,1379,11392,4577,1954
2024-06-14 11:30:00,22,95,782,605,384,1346,11509,4656,1954
2024-06-14 11:40:00,22,92,784,591,403,1346,11723,4749,1950
2024-06-14 11:50:00,22,92,786,558,435,1354,11903,4863,1958
2024-06-14 12:00:00,22,105,802,556,465,1370,11981,4935,1958
2024-06-14 12:10:00,25,107,806,551,506,1375,12256,5073,2031
2024-06-14 12:20:00,26,107,811,539,531,1440,12483,5167,2071
2024-06-14 12:30:00,26,106,811,537,553,1440,12534,5240,2087
2024-06-14 12:40:00,26,106,813,517,583,1416,12623,5296,2155
2024-06-14 12:50:00,28,102,813,505,608,1416,12707,5375,2195
2024-06-14 13:00:00,30,102,821,496,641,1416,12780,5454,2285
2024-06-14 13:10:00,30,105,822,477,689,1430,12842,5584,2404
2024-06-14 13:20:00,32,106,822,456,716,1430,12925,5685,2426
2024-06-14 13:30:00,33,109,833,447,744,1430,12956,5742,2442
2024-06-14 13:40:00,34,111,833,426,774,1439,12958,5828,2491
2024-06-14 13:50:00,36,111,833,418,797,1440,12958,5881,2557
2024-06-14 14:00:00,37,111,832,406,826,1440,12937,5919,2634
2024-06-14 14:10:00,38,111,828,393,858,1440,12827,5996,2720
2024-06-14 14:20:00,39,112,828,381,870,1451,12765,6102,2795
2024-06-14 14:30:00,39,111,840,348,904,1464,12695,6180,2834
2024-06-14 14:40:00,40,111,847,343,927,1479,12422,6300,2925
2024-06-14 14:50:00,41,111,847,338,947,1500,12207,6367,2983
2024-06-14 15:00:00,42,111,837,322,980,1518,11938,6510,3058
2024-06-14 15:10:00,45,113,837,307,1010,1518,11659,6619,3200
2024-06-14 15:20:00,46,118,847,293,1075,1520,11358,6694,3254
2024-06-14 15:30:00,47,119,853,280,1106,1543,10940,6775,3314
2024-06-14 15:40:00,50,119,857,265,1107,1561,10545,6834,3366
2024-06-14 15:50:00,52,121,860,261,1119,1564,10206,6934,3535
2024-06-14 16:00:00,54,121,872,252,1152,1576,9802,6996,3600
2024-06-14 16:10:00,55,124,876,249,1187,1583,9399,7030,3728
2024-06-14 16:20:00,58,125,880,238,1215,1584,8992,7133,3804
2024-06-14 16:30:00,59,127,880,232,1225,1608,8550,7261,3903
2024-06-14 16:40:00,59,129,872,224,1231,1615,8098,7319,3942
2024-06-14 16:50:00,58,130,869,213,1252,1621,7679,7356,3965
2024-06-14 17:00:00,58,130,869,208,1258,1630,7318,7356,3985
2024-06-14 17:10:00,58,128,873,208,1279,1630,6966,7356,4112
2024-06-14 17:20:00,59,128,876,206,1293,1630,6593,7410,4209
2024-06-14 17:30:00,63,128,878,202,1312,1627,6221,7458,4255
2024-06-14 17:40:00,63,126,879,194,1328,1627,5896,7463,4286
2024-06-14 17:50:00,63,125,889,188,1336,1633,5594,7567,4337
2024-06-14 18:00:00,63,123,891,186,1360,1633,5325,7639,4365
2024-06-14 18:10:00,62,123,890,183,1363,1632,5056,7639,4402
2024-06-14 18:20:00,62,122,903,178,1381,1628,4780,7639,4502
2024-06-14 18:30:00,62,120,900,177,1381,1618,4562,7613,4559
2024-06-14 18:40:00,62,119,900,173,1379,1616,4362,7611,4581
2024-06-14 18:50:00,63,116,886,166,1375,1602,4151,7536,4617
2024-06-14 19:00:00,63,116,878,165,1379,1590,3954,7531,4730
2024-06-14 19:10:00,62,116,876,164,1401,1578,3767,7419,4816
2024-06-14 19:20:00,61,116,872,161,1404,1552,3592,7365,4862
2024-06-14 19:30:00,59,115,863,156,1412,1531,3432,7233,4889
2024-06-14 19:40:00,59,115,853,150,1413,1525,3253,7185,4989
2024-06-14 19:50:00,63,108,847,150,1447,1484,3093,7116,5039
2024-06-14 20:00:00,64,106,846,151,1491,1452,2945,7015,5071
2024-06-14 20:10:00,65,106,845,151,1535,1426,2821,6978,5179
2024-06-14 20:20:00,68,104,836,145,1553,1394,2668,6919,5244
2024-06-14 20:30:00,68,101,829,145,1584,1332,2533,6752,5344
2024-06-14 20:40:00,70,96,827,147,1615,1318,2429,6574,5414
2024-06-14 20:50:00,70,96,816,149,1670,1268,2313,6526,5477
2024-06-14 21:00:00,70,96,816,150,1681,1239,2186,6297,5600
2024-06-14 21:10:00,70,96,801,154,1728,1189,2112,6149,5704
2024-06-14 21:20:00,71,95,798,158,1769,1143,2037,6127,5800
2024-06-14 21:30:00,75,92,780,163,1814,1103,1935,5927,5867
2024-06-14 21:40:00,76,92,774,169,1868,1057,1855,5696,5897
2024-06-14 21:50:00,76,92,761,175,1921,1004,1781,5441,5969
2024-06-14 22:00:00,76,90,751,188,1974,956,1750,5214,6025
2024-06-14 22:10:00,76,89,736,201,2020,901,1699,4966,6086
2024-06-14 22:20:00,80,89,719,209,2024,860,1681,4745,6138
2024-06-14 22:30:00,80,84,702,225,2058,820,1661,4481,6222
2024-06-14 22:40:00,80,80,676,231,2058,789,1661,4245,6277
2024-06-14 22:50:00,82,80,674,245,2104,752,1667,4000,6305
2024-06-14 23:00:00,85,77,651,253,2130,722,1710,3809,6426
2024-06-14 23:10:00,86,73,649,272,2157,696,1756,3601,6487
2024-06-14 23:20:00,86,72,629,290,2184,658,1816,3418,6577
2024-06-14 23:30:00,89,72,606,317,2198,638,1885,3276,6603
2024-06-14 23:40:00,90,70,592,326,2203,602,1990,3037,6606
2024-06-14 23:50:00,91,69,584,336,2203,577,2112,2879,6669
2024-06-15 00:00:00,94,67,564,348,2180,547,2291,2691,6695
2024-06-15 00:10:00,94,66,556,366,2172,522,2468,2568,6790
2024-06-15 00:20:00,93,64,543,383,2172,517,2722,2455,6849
2024-06-15 00:30:00,93,60,527,395,2178,498,2951,2327,6859
2024-06-15 00:40:00,95,60,519,414,2178,470,3168,2230,6914
2024-06-15 00:50:00,96,60,495,421,2169,456,3409,2108,7028
2024-06-15 01:00:00,98,59,493,432,2154,455,3687,1987,7109
2024-06-15 01:10:00,98,58,484,447,2146,447,3978,1922,7182
2024-06-15 01:20:00,98,56,472,454,2117,442,4209,1825,7182
2024-06-15 01:30:00,99,56,465,458,2079,423,4448,1730,7164
2024-06-15 01:40:00,99,55,449,471,2054,405,4727,1650,7164
2024-06-15 01:50:00,99,54,423,480,2045,402,4968,1564,7209
2024-06-15 02:00:00,98,53,412,490,2036,394,5197,1503,7214
2024-06-15 02:10:00,98,51,406,504,2028,389,5437,1439,7226
2024-06-15 02:20:00,98,51,390,506,1981,378,5709,1396,7214
2024-06-15 02:30:00,98,47,377,514,1947,376,5898,1348,7183
2024-06-15 02:40:00,97,47,369,521,1936,371,6151,1288,7156
2024-06-15 02:50:00,92,44,346,532,1893,362,6365,1239,7138
2024-06-15 03:00:00,92,44,338,544,1850,362,6600,1197,7100
2024-06-15 03:10:00,93,43,328,547,1805,366,6777,1155,7073
2024-06-15 03:20:00,93,43,314,547,1730,370,7013,1123,7008
2024-06-15 03:30:00,92,43,297,554,1660,374,7153,1081,6932
2024-06-15 03:40:00,91,43,288,554,1604,386,7334,1032,6799
2024-06-15 03:50:00,87,42,281,557,1540,395,7662,1010,6667
2024-06-15 04:00:00,87,41,277,557,1494,404,7998,991,6522
2024-06-15 04:10:00,87,41,276,563,1432,415,8230,989,6477
2024-06-15 04:20:00,85,41,272,577,1351,430,8416,989,6232
2024-06-15 04:30:00,82,42,268,578,1298,442,8602,989,6152
2024-06-15 04:40:00,81,42,265,578,1255,450,8809,1000,6000
2024-06-15 04:50:00,80,42,265,578,1177,469,8930,1001,5845
2024-06-15 05:00:00,75,42,261,582,1105,492,9096,1054,5666
2024-06-15 05:10:00,70,42,261,582,1043,513,9189,1073,5587
2024-06-15 05:20:00,70,42,263,595,998,543,9411,1124,5362
2024-06-15 05:30:00,70,43,267,598,959,559,9516,1161,5153
2024-06-15 05:40:00,66,44,271,598,896,586,9622,1238,4977
2024-06-15 05:50:00,64,46,285,599,827,619,9622,1338,4755
2024-06-15 06:00:00,59,48,289,594,776,628,9622,1421,4601
2024-06-15 06:10:00,58,50,303,587,756,664,9737,1525,4447
2024-06-15 06:20:00,57,51,310,587,727,699,9868,1659,4296
2024-06-15 06:30:00,54,52,333,594,674,718,9911,1782,4157
2024-06-15 06:40:00,52,55,342,594,641,751,9975,1928,3973
2024-06-15 06:50:00,51,55,367,586,598,783,10024,2089,3887
2024-06-15 07:00:00,51,57,379,584,551,829,10024,2237,3738
2024-06-15 07:10:00,46,60,400,584,534,859,10038,2415,3650
2024-06-15 07:20:00,45,63,412,588,506,890,10033,2606,3501
2024-06-15 07:30:00,45,65,426,588,470,918,10038,2804,3388
2024-06-15 07:40:00,43,69,442,593,445,939,10089,3007,3253
2024-06-15 07:50:00,43,75,463,593,423,974,10089,3202,3108
2024-06-15 08:00:00,40,75,480,593,410,1006,10089,3411,2995
2024-06-15 08:10:00,39,75,509,593,381,1048,10148,3620,2901
2024-06-15 08:20:00,37,75,530,589,371,1074,10164,3834,2871
2024-06-15 08:30:00,35,79,553,585,349,1100,10164,4072,2721
2024-06-15 08:40:00,32,80,565,585,324,1129,10156,4246,2647
2024-06-15 08:50:00,31,84,581,583,303,1172,10156,4459,2568
2024-06-15 09:00:00,30,84,599,581,289,1195,10279,4632,2557
2024-06-15 09:10:00,29,86,618,574,286,1235,10283,4782,2557
2024-06-15 09:20:00,27,88,635,568,278,1240,10291,4908,2557
2024-06-15 09:30:00,27,91,651,570,258,1249,10358,5067,2323
2024-06-15 09:40:00,25,91,673,570,245,1277,10426,5211,2231
2024-06-15 09:50:00,24,91,687,571,245,1287,10530,5393,2123
2024-06-15 10:00:00,24,95,694,571,251,1305,10606,5576,2107
2024-06-15 10:10:00,23,95,710,571,251,1325,10663,5692,2103
2024-06-15 10:20:00,23,95,729,551,249,1338,10703,5815,2031
2024-06-15 10:30:00,22,102,750,544,249,1355,10810,5858,1948
2024-06-15 10:40:00,20,103,772,543,263,1361,10833,6017,1904
2024-06-15 10:50:00,20,105,779,533,285,1379,10901,6059,1876
2024-06-15 11:00:00,20,109,791,525,302,1387,10957,6076,1822
2024-06-15 11:10:00,21,109,795,520,316,1390,11021,6187,1820
2024-06-15 11:20:00,21,109,807,512,334,1396,11055,6235,1790
2024-06-15 11:30:00,22,113,823,508,379,1396,11149,6282,1790
2024-06-15 11:40:00,22,113,825,506,409,1415,11185,6327,1812
2024-06-15 11:50:00,22,113,847,500,436,1415,11303,6407,1846
2024-06-15 12:00:00,23,113,865,497,480,1477,11418,6535,1856
2024-06-15 12:10:00,25,114,865,493,512,1484,11500,6535,1911
2024-06-15 12:20:00,27,114,857,481,544,1484,11527,6546,1938
2024-06-15 12:30:00,27,116,857,466,568,1481,11541,6546,1950
2024-06-15 12:40:00,27,116,850,450,627,1479,11659,6559,2006
2024-06-15 12:50:00,28,116,856,438,678,1467,11776,6559,2081
2024-06-15 13:00:00,28,117,856,427,742,1457,11800,6533,2150
2024-06-15 13:10:00,28,116,857,425,776,1458,11806,6533,2294
2024-06-15 13:20:00,32,115,857,409,821,1458,11849,6545,2380
2024-06-15 13:30:00,36,115,846,396,883,1475,11851,6570,2431
2024-06-15 13:40:00,38,116,846,386,934,1481,11864,6570,2517
2024-06-15 13:50:00,39,118,853,367,1006,1494,11864,6571,2585
2024-06-15 14:00:00,43,118,853,363,1045,1502,11863,6605,2722
2024-06-15 14:10:00,43,116,851,358,1082,1502,11800,6648,2858
2024-06-15 14:20:00,46,116,847,342,1142,1496,11717,6648,2938
2024-06-15 14:30:00,47,116,851,332,1199,1474,11717,6648,3062
2024-06-15 14:40:00,48,116,845,312,1215,1474,11596,6623,3147
2024-06-15 14:50:00,49,116,844,299,1272,1471,11489,6610,3255
2024-06-15 15:00:00,53,117,838,285,1324,1475,11255,6610,3380
2024-06-15 15:10:00,56,117,838,279,1357,1471,11054,6683,3518
2024-06-15 15:20:00,56,116,837,267,1417,1483,10824,6726,3609
2024-06-15 15:30:00,58,111,825,259,1452,1482,10577,6726,3764
2024-06-15 15:40:00,60,111,825,247,1477,1483,10195,6731,3863
2024-06-15 15:50:00,62,111,828,240,1528,1484,9853,6705,4017
2024-06-15 16:00:00,63,115,828,227,1553,1489,9548,6705,4102
2024-06-15 16:10:00,63,115,822,225,1562,1489,9178,6640,4161
2024-06-15 16:20:00,64,116,790,224,1564,1470,8719,6613,4222
2024-06-15 16:30:00,68,117,786,215,1601,1470,8432,6613,4335
2024-06-15 16:40:00,69,117,784,202,1634,1471,8267,6613,4397
2024-06-15 16:50:00,69,115,784,195,1677,1488,8017,6625,4518
2024-06-15 17:00:00,73,112,784,189,1718,1488,7598,6625,4550
2024-06-15 17:10:00,74,110,787,189,1722,1483,7255,6680,4582
2024-06-15 17:20:00,75,108,787,187,1763,1481,6906,6680,4702
2024-06-15 17:30:00,78,107,790,187,1770,1469,6516,6668,4781
2024-06-15 17:40:00,79,107,798,180,1771,1464,6137,6668,4829
2024-06-15 17:50:00,79,108,800,179,1776,1469,5801,6700,4912
2024-06-15 18:00:00,78,108,800,170,1794,1469,5531,6705,5005
2024-06-15 18:10:00,77,107,800,169,1806,1469,5230,6743,5082
2024-06-15 18:20:00,77,106,806,164,1824,1463,4981,6824,5133
2024-06-15 18:30:00,77,105,807,161,1840,1463,4741,6896,5152
2024-06-15 18:40:00,81,105,807,158,1859,1461,4548,6995,5254
2024-06-15 18:50:00,81,104,807,156,1864,1458,4329,6995,5346
2024-06-15 19:00:00,81,104,791,148,1864,1457,4090,6926,5365
2024-06-15 19:10:00,83,103,790,148,1873,1443,3904,6869,5390
2024-06-15 19:20:00,84,100,781,143,1873,1436,3698,6819,5429
2024-06-15 19:30:00,85,99,781,136,1873,1419,3526,6784,5480
2024-06-15 19:40:00,85,98,777,136,1900,1393,3370,6722,5546
2024-06-15 19:50:00,84,98,777,132,1906,1365,3177,6698,5546
2024-06-15 20:00:00,84,96,769,126,1913,1321,3026,6636,5554
2024-06-15 20:10:00,84,93,760,125,1906,1312,2911,6582,5587
2024-06-15 20:20:00,84,93,755,125,1905,1267,2760,6478,5613
2024-06-15 20:30:00,84,93,753,125,1905,1255,2587,6393,5649
2024-06-15 20:40:00,84,90,735,121,1905,1229,2482,6245,5671
2024-06-15 20:50:00,83,90,735,121,1938,1183,2351,6142,5687
2024-06-15 21:00:00,83,89,718,131,1953,1157,2229,5999,5706
2024-06-15 21:10:00,86,88,718,133,1962,1114,2118,5891,5708
2024-06-15 21:20:00,87,83,708,133,1982,1095,2025,5793,5756
2024-06-15 21:30:00,89,83,698,137,2005,1048,1910,5610,5756
2024-06-15 21:40:00,89,83,687,137,2014,1003,1846,5356,5756
2024-06-15 21:50:00,88,82,677,148,2014,980,1784,5203,5762
2024-06-15 22:00:00,87,81,669,153,2035,938,1746,5039,5815
2024-06-15 22:10:00,87,80,656,167,2056,893,1681,4800,5861
2024-06-15 22:20:00,88,78,642,176,2094,871,1628,4608,5881
2024-06-15 22:30:00,89,75,634,190,2104,834,1613,4368,5917
2024-06-15 22:40:00,89,73,609,198,2104,798,1595,4128,5945
2024-06-15 22:50:00,89,73,605,211,2078,759,1595,3937,6029
2024-06-15 23:00:00,89,71,605,218,2064,731,1601,3749,6062
2024-06-15 23:10:00,89,69,584,224,2064,696,1638,3580,6064
2024-06-15 23:20:00,90,67,571,235,2072,669,1680,3415,6088
2024-06-15 23:30:00,94,66,562,250,2072,636,1753,3230,6116
2024-06-15 23:40:00,94,64,547,271,2079,614,1838,3056,6180
2024-06-15 23:50:00,91,63,527,287,2089,590,1941,2897,6256
2024-06-16 00:00:00,91,60,519,295,2093,563,2074,2749,6295
2024-06-16 00:10:00,93,60,502,315,2097,550,2211,2600,6305
2024-06-16 00:20:00,97,58,494,325,2093,537,2434,2492,6337
2024-06-16 00:30:00,97,56,484,336,2080,523,2633,2365,6360
2024-06-16 00:40:00,97,56,481,357,2072,500,2875,2229,6367
2024-06-16 00:50:00,96,54,464,365,2066,473,3118,2128,6399
2024-06-16 01:00:00,96,53,447,375,2029,451,3335,2010,6406
2024-06-16 01:10:00,96,52,435,379,2012,440,3639,1930,6471
2024-06-16 01:20:00,96,52,424,400,2000,429,3923,1837,6575
2024-06-16 01:30:00,99,50,408,415,1988,416,4228,1724,6642
2024-06-16 01:40:00,99,50,387,424,1957,394,4485,1669,6675
2024-06-16 01:50:00,99,49,378,440,1951,381,4756,1607,6675
2024-06-16 02:00:00,99,48,366,445,1928,373,5038,1524,6661
2024-06-16 02:10:00,99,48,354,464,1924,365,5328,1454,6661
2024-06-16 02:20:00,99,48,347,465,1914,364,5603,1397,6683
2024-06-16 02:30:00,100,48,335,467,1864,364,5904,1333,6714
2024-06-16 02:40:00,100,45,329,477,1822,355,6209,1294,6714
2024-06-16 02:50:00,97,44,317,485,1809,353,6511,1224,6714
2024-06-16 03:00:00,96,43,311,485,1730,351,6748,1179,6662
2024-06-16 03:10:00,94,41,303,498,1686,351,7015,1127,6603
2024-06-16 03:20:00,92,40,289,501,1635,351,7223,1085,6525
2024-06-16 03:30:00,91,40,286,511,1614,359,7438,1052,6437
2024-06-16 03:40:00,91,39,277,513,1572,359,7620,1015,6349
2024-06-16 03:50:00,91,37,277,513,1523,359,7817,971,6262
2024-06-16 04:00:00,91,36,280,520,1463,367,7975,939,6089
2024-06-16 04:10:00,88,35,280,520,1413,385,8145,934,6063
2024-06-16 04:20:00,87,35,276,529,1383,389,8363,915,5921
2024-06-16 04:30:00,85,35,276,540,1354,398,8552,915,5750
2024-06-16 04:40:00,81,35,280,542,1293,404,8726,911,5680
2024-06-16 04:50:00,81,35,280,540,1218,417,8877,916,5525
2024-06-16 05:00:00,74,35,279,542,1141,439,9084,930,5378
2024-06-16 05:10:00,73,35,279,540,1095,449,9218,949,5236
2024-06-16 05:20:00,72,37,282,542,1041,475,9350,973,5087
2024-06-16 05:30:00,70,37,283,544,1004,506,9452,1010,4917
2024-06-16 05:40:00,69,39,286,544,938,520,9608,1060,4743
2024-06-16 05:50:00,69,39,286,548,892,545,9687,1113,4621
2024-06-16 06:00:00,65,41,285,549,864,586,9810,1187,4446
2024-06-16 06:10:00,64,42,285,557,829,619,9867,1314,4319
2024-06-16 06:20:00,59,43,298,557,767,645,9988,1389,4188
2024-06-16 06:30:00,58,47,307,550,718,667,10070,1504,3985
2024-06-16 06:40:00,55,51,317,550,675,687,10116,1612,3845
2024-06-16 06:50:00,51,51,321,559,649,716,10116,1776,3706
2024-06-16 07:00:00,49,56,335,566,595,746,10134,1926,3545
2024-06-16 07:10:00,48,56,344,567,572,784,10143,2080,3480
2024-06-16 07:20:00,47,59,353,567,555,813,10143,2261,3365
2024-06-16 07:30:00,45,60,364,571,518,860,10116,2431,3221
2024-06-16 07:40:00,43,60,370,569,486,905,10116,2616,3115
2024-06-16 07:50:00,42,60,382,570,465,942,10184,2810,3020
2024-06-16 08:00:00,41,62,392,569,440,969,10254,3036,2876
2024-06-16 08:10:00,38,67,404,562,411,986,10328,3266,2816
2024-06-16 08:20:00,36,70,407,562,385,1018,10328,3481,2743
2024-06-16 08:30:00,34,75,423,558,365,1056,10297,3650,2645
2024-06-16 08:40:00,32,75,431,558,347,1084,10297,3910,2546
2024-06-16 08:50:00,31,76,451,543,324,1118,10305,4167,2483
2024-06-16 09:00:00,31,78,459,543,311,1155,10333,4390,2452
2024-06-16 09:10:00,31,81,470,544,296,1180,10305,4602,2452
2024-06-16 09:20:00,30,82,485,544,280,1217,10273,4825,2452
2024-06-16 09:30:00,29,84,494,532,265,1235,10261,4995,2225
2024-06-16 09:40:00,28,85,503,531,257,1242,10244,5158,2140
2024-06-16 09:50:00,26,92,518,531,246,1278,10244,5284,2070
2024-06-16 10:00:00,24,92,527,524,241,1306,10329,5459,1993
2024-06-16 10:10:00,24,94,533,510,239,1330,10329,5616,1933
2024-06-16 10:20:00,24,96,543,508,238,1343,10302,5725,1882
2024-06-16 10:30:00,22,97,552,504,238,1359,10209,5862,1804
2024-06-16 10:40:00,22,97,558,488,244,1401,10198,5949,1790
2024-06-16 10:50:00,22,97,566,476,245,1416,10198,6101,1710
2024-06-16 11:00:00,22,98,577,472,265,1486,10433,6217,1710
2024-06-16 11:10:00,20,102,578,469,284,1486,10433,6317,1699
2024-06-16 11:20:00,20,102,579,449,294,1466,10348,6334,1629
2024-06-16 11:30:00,21,102,585,439,314,1466,10347,6360,1619
2024-06-16 11:40:00,22,102,592,427,334,1466,10348,6385,1619
2024-06-16 11:50:00,21,103,598,426,354,1482,10419,6467,1638
2024-06-16 12:00:00,21,103,601,409,383,1493,10462,6488,1652
2024-06-16 12:10:00,21,103,614,395,429,1493,10497,6534,1676
2024-06-16 12:20:00,22,103,615,392,475,1497,10511,6616,1705
2024-06-16 12:30:00,23,102,626,375,507,1497,10512,6617,1747
2024-06-16 12:40:00,23,103,629,362,559,1495,10561,6645,1809
2024-06-16 12:50:00,25,102,631,349,604,1495,10621,6645,1848
2024-06-16 13:00:00,27,103,635,341,657,1501,10643,6622,1930
2024-06-16 13:10:00,27,104,635,316,707,1505,10643,6615,2052
2024-06-16 13:20:00,30,105,637,306,787,1505,10584,6610,2086
2024-06-16 13:30:00,35,104,637,295,835,1497,10584,6557,2191
2024-06-16 13:40:00,36,104,636,285,889,1493,10576,6550,2276
2024-06-16 13:50:00,36,103,636,274,950,1488,10517,6557,2349
2024-06-16 14:00:00,36,103,636,264,1027,1488,10416,6557,2477
2024-06-16 14:10:00,39,103,639,260,1090,1490,10330,6639,2620
2024-06-16 14:20:00,42,103,639,251,1140,1495,10163,6642,2743
2024-06-16 14:30:00,43,102,639,238,1197,1495,10072,6642,2853
2024-06-16 14:40:00,44,102,628,228,1269,1517,9903,6648,2969
2024-06-16 14:50:00,47,106,628,219,1332,1517,9629,6648,3076
2024-06-16 15:00:00,49,108,627,213,1367,1509,9399,6689,3169
2024-06-16 15:10:00,51,110,631,209,1422,1509,9171,6941,3322
2024-06-16 15:20:00,53,111,647,198,1453,1511,8966,7079,3461
2024-06-16 15:30:00,53,112,650,193,1499,1511,8585,7099,3549
2024-06-16 15:40:00,53,111,650,187,1553,1511,8236,7099,3682
2024-06-16 15:50:00,55,110,653,179,1589,1513,7844,7055,3807
2024-06-16 16:00:00,59,108,663,170,1612,1513,7452,7053,3894
2024-06-16 16:10:00,63,108,663,169,1666,1513,7131,7053,4026
2024-06-16 16:20:00,64,108,657,161,1666,1513,6827,7053,4096
2024-06-16 16:30:00,65,106,650,155,1665,1520,6461,7053,4183
2024-06-16 16:40:00,67,106,650,148,1665,1528,6123,7067,4243
2024-06-16 16:50:00,69,107,651,145,1682,1528,5807,7096,4344
2024-06-16 17:00:00,71,107,656,143,1727,1516,5511,7130,4474
2024-06-16 17:10:00,75,108,658,143,1734,1510,5249,7149,4564
2024-06-16 17:20:00,76,107,658,147,1744,1499,4945,7155,4646
2024-06-16 17:30:00,78,104,651,147,1757,1493,4669,7155,4736
2024-06-16 17:40:00,78,103,648,140,1760,1481,4425,7125,4794
2024-06-16 17:50:00,78,103,648,135,1789,1473,4152,7077,4858
2024-06-16 18:00:00,80,103,655,131,1794,1472,3988,7077,4909
2024-06-16 18:10:00,80,101,657,131,1796,1472,3797,7140,5035
2024-06-16 18:20:00,83,101,657,129,1806,1491,3579,7151,5108
2024-06-16 18:30:00,87,101,643,127,1809,1491,3368,7151,5121
2024-06-16 18:40:00,88,102,643,126,1812,1476,3243,7110,5179
2024-06-16 18:50:00,88,105,652,123,1809,1440,3087,7042,5222
2024-06-16 19:00:00,90,105,652,123,1809,1416,2953,6952,5283
2024-06-16 19:10:00,88,100,651,123,1809,1402,2821,6835,5371
2024-06-16 19:20:00,84,100,645,118,1802,1395,2690,6693,5425
2024-06-16 19:30:00,84,98,643,117,1798,1376,2543,6665,5543
2024-06-16 19:40:00,83,98,641,115,1798,1340,2430,6454,5566
2024-06-16 19:50:00,83,95,623,112,1809,1312,2322,6278,5570
2024-06-16 20:00:00,86,87,623,108,1815,1293,2226,6200,5631
2024-06-16 20:10:00,90,87,631,108,1819,1250,2147,6083,5672
2024-06-16 20:20:00,88,86,631,108,1841,1217,2024,5883,5682
2024-06-16 20:30:00,89,84,618,105,1841,1167,1921,5636,5682
2024-06-16 20:40:00,88,82,616,105,1835,1139,1838,5421,5725
2024-06-16 20:50:00,88,79,606,105,1835,1086,1716,5176,5816
2024-06-16 21:00:00,88,79,606,105,1838,1051,1656,4953,5874
2024-06-16 21:10:00,88,83,614,106,1846,1032,1616,4857,5908
2024-06-16 21:20:00,88,83,614,108,1914,966,1556,4665,5908
2024-06-16 21:30:00,89,82,609,111,1976,919,1490,4466,5898
2024-06-16 21:40:00,92,77,606,113,2014,873,1441,4258,5898
2024-06-16 21:50:00,93,75,597,114,2019,845,1378,4038,5967
2024-06-16 22:00:00,93,74,579,124,2019,797,1325,3843,5992
2024-06-16 22:10:00,93,74,562,129,2011,756,1293,3650,6028
2024-06-16 22:20:00,90,73,558,136,2011,717,1265,3416,6040
2024-06-16 22:30:00,87,69,542,141,2037,674,1233,3218,6060
2024-06-16 22:40:00,87,69,542,145,2037,649,1224,3018,6060
2024-06-16 22:50:00,87,67,537,150,2039,624,1224,2842,6060
2024-06-16 23:00:00,88,66,528,152,2037,599,1231,2703,6165
2024-06-16 23:10:00,91,63,517,163,2020,567,1260,2546,6182
2024-06-16 23:20:00,92,61,499,165,2020,535,1311,2373,6254
2024-06-16 23:30:00,93,58,497,174,2010,519,1383,2255,6300
2024-06-16 23:40:00,97,58,486,177,2011,488,1433,2168,6351
2024-06-16 23:50:00,97,57,472,186,2010,459,1548,2037,6364
2024-06-17 00:00:00,93,55,461,190,2010,441,1647,1912,6364
2024-06-17 00:10:00,93,53,456,194,2003,429,1775,1807,6390
2024-06-17 00:20:00,93,52,455,200,1999,420,1939,1710,6426
2024-06-17 00:30:00,91,50,448,204,1954,408,2122,1632,6498
2024-06-17 00:40:00,91,49,430,207,1931,388,2303,1525,6518
2024-06-17 00:50:00,95,49,422,215,1913,373,2463,1447,6520
2024-06-17 01:00:00,97,48,408,222,1909,357,2608,1378,6535
2024-06-17 01:10:00,97,48,402,222,1868,355,2771,1356,6618
2024-06-17 01:20:00,96,47,398,229,1836,346,2966,1300,6631
2024-06-17 01:30:00,95,45,386,234,1796,339,3111,1230,6631
2024-06-17 01:40:00,93,44,365,241,1742,333,3269,1178,6595
2024-06-17 01:50:00,92,44,346,247,1692,323,3456,1125,6595
2024-06-17 02:00:00,91,44,338,248,1649,321,3589,1104,6570
2024-06-17 02:10:00,90,43,333,248,1606,321,3787,1054,6494
2024-06-17 02:20:00,90,42,328,254,1577,311,3916,1017,6432
2024-06-17 02:30:00,87,40,314,258,1554,306,4082,985,6430
2024-06-17 02:40:00,87,39,303,258,1507,306,4215,926,6366
2024-06-17 02:50:00,87,38,293,263,1457,306,4379,893,6291
2024-06-17 03:00:00,88,38,286,267,1380,310,4473,863,6198
2024-06-17 03:10:00,88,36,278,276,1312,310,4515,850,6041
2024-06-17 03:20:00,86,36,270,279,1268,311,4682,815,5983
2024-06-17 03:30:00,86,34,269,279,1213,311,4819,803,5983
2024-06-17 03:40:00,83,33,254,281,1204,317,4925,791,5941
2024-06-17 03:50:00,77,31,250,293,1138,320,5052,779,5941
2024-06-17 04:00:00,74,30,246,294,1080,321,5227,755,5695
2024-06-17 04:10:00,72,30,242,301,1018,334,5354,755,5482
2024-06-17 04:20:00,71,30,232,301,952,350,5585,772,5261
2024-06-17 04:30:00,70,30,232,301,903,366,5768,780,5071
2024-06-17 04:40:00,69,30,220,319,854,379,5962,785,4864
2024-06-17 04:50:00,66,29,220,324,818,392,6084,799,4707
2024-06-17 05:00:00,61,29,221,324,771,410,6178,812,4533
2024-06-17 05:10:00,61,29,221,326,720,415,6273,856,4412
2024-06-17 05:20:00,58,29,218,337,686,433,6328,876,4258
2024-06-17 05:30:00,54,30,218,347,651,447,6328,924,4080
2024-06-17 05:40:00,52,31,218,359,622,469,6328,969,3902
2024-06-17 05:50:00,50,33,233,367,588,494,6328,1023,3757
2024-06-17 06:00:00,48,34,248,371,549,521,6353,1080,3617
2024-06-17 06:10:00,47,35,248,388,519,553,6353,1169,3538
2024-06-17 06:20:00,44,40,251,402,484,567,6417,1264,3343
2024-06-17 06:30:00,42,41,258,411,464,606,6552,1336,3231
2024-06-17 06:40:00,39,44,272,420,451,627,6552,1426,3136
2024-06-17 06:50:00,37,46,277,427,417,641,6558,1487,3026
2024-06-17 07:00:00,37,46,284,437,395,669,6573,1580,2911
2024-06-17 07:10:00,36,48,300,443,363,695,6574,1702,2839
2024-06-17 07:20:00,36,50,316,447,346,719,6574,1779,2745
2024-06-17 07:30:00,34,57,335,455,332,745,6631,1856,2630
2024-06-17 07:40:00,31,59,341,463,321,766,6699,1931,2561
2024-06-17 07:50:00,28,60,353,472,306,785,6705,1999,2435
2024-06-17 08:00:00,28,61,367,472,291,800,6822,2123,2348
2024-06-17 08:10:00,27,63,380,485,281,824,6866,2231,2327
2024-06-17 08:20:00,26,66,400,485,261,849,6869,2290,2282
2024-06-17 08:30:00,26,71,409,491,245,875,6940,2363,2179
2024-06-17 08:40:00,25,73,418,491,237,903,7072,2453,2103
2024-06-17 08:50:00,25,77,436,484,224,934,7131,2531,2012
2024-06-17 09:00:00,24,77,455,481,209,948,7171,2619,2012
2024-06-17 09:10:00,23,78,472,476,209,958,7216,2681,2047
2024-06-17 09:20:00,22,78,487,469,209,983,7311,2762,2047
2024-06-17 09:30:00,21,82,508,466,202,1022,7426,2835,1862
2024-06-17 09:40:00,21,83,515,469,197,1039,7521,2883,1812
2024-06-17 09:50:00,18,84,523,472,197,1047,7664,2957,1704
2024-06-17 10:00:00,18,90,538,472,198,1066,7864,3020,1649
2024-06-17 10:10:00,15,90,555,470,207,1077,8065,3102,1642
2024-06-17 10:20:00,15,90,567,462,207,1097,8200,3159,1637
2024-06-17 10:30:00,16,90,579,459,208,1116,8398,3232,1560
2024-06-17 10:40:00,16,92,581,447,217,1140,8593,3269,1538
2024-06-17 10:50:00,17,92,586,443,231,1149,8757,3382,1504
2024-06-17 11:00:00,18,90,594,434,234,1169,8944,3442,1501
2024-06-17 11:10:00,19,90,608,427,253,1175,9069,3497,1477
2024-06-17 11:20:00,19,92,609,415,272,1177,9201,3599,1469
2024-06-17 11:30:00,19,95,613,408,278,1187,9265,3643,1449
2024-06-17 11:40:00,19,93,618,395,296,1188,9432,3703,1449
2024-06-17 11:50:00,19,93,630,385,323,1198,9504,3717,1453
2024-06-17 12:00:00,19,93,633,376,352,1224,9612,3839,1466
2024-06-17 12:10:00,20,94,639,364,380,1238,9693,3910,1522
2024-06-17 12:20:00,20,96,644,356,407,1241,9788,3938,1532
2024-06-17 12:30:00,20,97,644,346,431,1241,9813,3976,1552
2024-06-17 12:40:00,20,99,643,329,445,1241,9870,4035,1581
2024-06-17 12:50:00,21,101,643,312,473,1242,9884,4113,1629
2024-06-17 13:00:00,21,101,649,307,499,1242,9896,4219,1680
2024-06-17 13:10:00,25,101,655,301,520,1261,10036,4264,1810
2024-06-17 13:20:00,25,96,655,288,560,1270,10070,4300,1844
2024-06-17 13:30:00,28,96,652,277,578,1276,10070,4346,1904
2024-06-17 13:40:00,29,97,649,269,592,1276,9981,4421,1917
2024-06-17 13:50:00,30,102,644,253,625,1280,9978,4501,1970
2024-06-17 14:00:00,33,104,639,242,655,1288,9953,4583,2054
2024-06-17 14:10:00,33,104,639,234,695,1295,9835,4617,2123
2024-06-17 14:20:00,33,104,640,231,718,1300,9750,4739,2134
2024-06-17 14:30:00,33,102,647,219,748,1305,9616,4851,2202
2024-06-17 14:40:00,35,102,650,211,802,1323,9504,4964,2256
2024-06-17 14:50:00,40,102,651,206,814,1354,9344,5055,2314
2024-06-17 15:00:00,40,102,652,196,833,1365,9174,5142,2390
2024-06-17 15:10:00,44,98,654,190,862,1379,8851,5267,2510
2024-06-17 15:20:00,45,98,658,184,901,1385,8635,5379,2573
2024-06-17 15:30:00,45,98,658,176,926,1397,8266,5484,2640
2024-06-17 15:40:00,45,99,658,169,966,1409,7933,5553,2689
2024-06-17 15:50:00,45,99,666,163,980,1420,7593,5628,2740
2024-06-17 16:00:00,48,99,666,158,986,1420,7219,5690,2823
2024-06-17 16:10:00,48,99,668,156,1018,1420,6835,5776,2940
2024-06-17 16:20:00,48,98,661,151,1036,1447,6529,5867,3013
2024-06-17 16:30:00,47,98,656,146,1060,1449,6236,5945,3088
2024-06-17 16:40:00,47,99,650,137,1067,1463,5862,5966,3159
2024-06-17 16:50:00,49,99,650,137,1085,1451,5531,5981,3205
2024-06-17 17:00:00,50,100,652,134,1085,1463,5180,6079,3272
2024-06-17 17:10:00,52,100,662,134,1108,1476,4931,6381,3611
2024-06-17 17:20:00,55,100,665,145,1114,1496,4705,6736,3973
2024-06-17 17:30:00,57,101,665,145,1134,1514,4449,6736,3973
2024-06-17 17:40:00,57,101,662,136,1147,1514,4191,6663,3926
2024-06-17 17:50:00,57,98,652,130,1152,1501,3948,6644,3926
2024-06-17 18:00:00,59,98,647,128,1154,1501,3740,6612,3935
2024-06-17 18:10:00,61,98,648,125,1159,1501,3562,6612,3999
2024-06-17 18:20:00,62,97,647,125,1168,1500,3381,6763,4037
2024-06-17 18:30:00,62,95,646,119,1181,1491,3213,6763,4039
2024-06-17 18:40:00,63,94,646,115,1185,1462,3038,6743,4090
2024-06-17 18:50:00,64,93,645,114,1211,1450,2896,6665,4094
2024-06-17 19:00:00,64,91,646,111,1228,1438,2791,6620,4169
2024-06-17 19:10:00,63,90,643,111,1228,1425,2624,6531,4217
2024-06-17 19:20:00,62,87,642,111,1228,1393,2524,6384,4266
2024-06-17 19:30:00,61,84,642,114,1237,1368,2404,6324,4325
2024-06-17 19:40:00,60,84,640,115,1269,1333,2257,6182,4373
2024-06-17 19:50:00,60,85,640,114,1284,1324,2157,6018,4388
2024-06-17 20:00:00,62,85,632,111,1298,1280,2046,5958,4493
2024-06-17 20:10:00,63,82,630,107,1340,1259,1968,5830,4572
2024-06-17 20:20:00,63,82,630,107,1342,1196,1887,5626,4611
2024-06-17 20:30:00,63,78,630,107,1365,1146,1797,5429,4742
2024-06-17 20:40:00,63,75,624,109,1379,1105,1706,5247,4841
2024-06-17 20:50:00,66,75,624,110,1414,1066,1619,5013,4894
2024-06-17 21:00:00,68,69,624,111,1453,1042,1559,4764,4965
2024-06-17 21:10:00,74,69,628,116,1513,994,1508,4572,5025
2024-06-17 21:20:00,74,69,628,117,1575,961,1478,4526,5107
2024-06-17 21:30:00,72,67,617,117,1622,919,1424,4341,5284
2024-06-17 21:40:00,72,67,606,117,1674,865,1365,4093,5355
2024-06-17 21:50:00,74,68,599,124,1692,831,1330,3906,5423
2024-06-17 22:00:00,75,68,584,136,1728,793,1250,3686,5485
2024-06-17 22:10:00,80,66,580,136,1768,754,1229,3484,5564
2024-06-17 22:20:00,80,62,578,141,1803,723,1223,3292,5702
2024-06-17 22:30:00,80,61,578,147,1899,691,1200,3113,5785
2024-06-17 22:40:00,80,59,578,153,1933,665,1200,2984,5946
2024-06-17 22:50:00,83,59,576,159,1994,637,1203,2848,6068
2024-06-17 23:00:00,85,59,567,162,2038,603,1227,2663,6203
2024-06-17 23:10:00,91,59,558,167,2051,568,1259,2549,6253
2024-06-17 23:20:00,92,58,557,180,2055,551,1300,2395,6325
2024-06-17 23:30:00,91,56,531,182,2051,532,1369,2255,6325
2024-06-17 23:40:00,90,52,517,182,2049,502,1412,2104,6325
2024-06-17 23:50:00,88,51,505,189,2006,479,1492,1980,6335
2024-06-18 00:00:00,88,50,482,193,1981,452,1616,1849,6359
2024-06-18 00:10:00,88,46,477,198,1964,436,1747,1755,6408
2024-06-18 00:20:00,89,46,466,202,1953,436,1879,1665,6422
2024-06-18 00:30:00,89,46,454,207,1912,416,2013,1571,6433
2024-06-18 00:40:00,89,45,445,210,1908,401,2193,1496,6473
2024-06-18 00:50:00,92,43,433,213,1902,390,2351,1452,6473
2024-06-18 01:00:00,92,43,405,220,1862,363,2489,1364,6486
2024-06-18 01:10:00,90,45,399,221,1835,356,2702,1303,6481
2024-06-18 01:20:00,88,45,392,221,1825,345,2815,1250,6481
2024-06-18 01:30:00,90,44,381,225,1788,333,2973,1193,6438
2024-06-18 01:40:00,90,42,378,226,1742,319,3107,1162,6438
2024-06-18 01:50:00,92,39,370,238,1738,313,3258,1130,6438
2024-06-18 02:00:00,92,39,358,241,1690,311,3438,1083,6379
2024-06-18 02:10:00,90,38,339,244,1611,307,3573,1045,6318
2024-06-18 02:20:00,89,36,331,250,1560,305,3755,997,6287
2024-06-18 02:30:00,88,36,321,261,1490,305,3880,976,6195
2024-06-18 02:40:00,86,35,311,261,1434,305,4046,935,6154
2024-06-18 02:50:00,86,35,297,267,1399,301,4160,905,6049
2024-06-18 03:00:00,86,36,285,268,1350,306,4258,874,5949
2024-06-18 03:10:00,86,36,282,269,1282,307,4389,855,5854
2024-06-18 03:20:00,84,34,279,284,1208,307,4483,837,5744
2024-06-18 03:30:00,83,34,267,285,1167,306,4620,815,5633
2024-06-18 03:40:00,77,32,254,289,1117,306,4732,786,5611
2024-06-18 03:50:00,76,32,249,291,1069,322,4852,779,5468
2024-06-18 04:00:00,74,31,243,294,1023,336,5035,779,5291
2024-06-18 04:10:00,73,31,236,295,974,343,5189,783,5164
2024-06-18 04:20:00,73,31,235,298,899,349,5427,787,5032
2024-06-18 04:30:00,71,31,235,300,847,357,5596,789,4862
2024-06-18 04:40:00,66,31,233,315,809,383,5726,791,4682
2024-06-18 04:50:00,65,31,233,322,765,384,5836,818,4532
2024-06-18 05:00:00,60,31,231,323,723,400,5914,823,4387
2024-06-18 05:10:00,60,31,229,326,699,419,6008,849,4304
2024-06-18 05:20:00,58,33,231,330,651,438,6075,908,4163
2024-06-18 05:30:00,57,33,235,354,619,464,6082,917,4018
2024-06-18 05:40:00,56,34,235,361,581,476,6082,955,3854
2024-06-18 05:50:00,51,35,235,369,536,497,6130,1020,3716
2024-06-18 06:00:00,48,38,243,390,505,523,6128,1094,3532
2024-06-18 06:10:00,45,39,246,402,486,540,6132,1159,3416
2024-06-18 06:20:00,44,42,250,403,450,563,6146,1218,3257
2024-06-18 06:30:00,43,42,261,411,424,597,6157,1305,3176
2024-06-18 06:40:00,43,42,272,417,411,605,6221,1379,3018
2024-06-18 06:50:00,38,43,274,427,393,633,6236,1462,2887
2024-06-18 07:00:00,38,46,289,437,359,649,6264,1538,2846
2024-06-18 07:10:00,36,46,303,439,340,677,6333,1637,2821
2024-06-18 07:20:00,35,48,321,449,327,703,6360,1741,2709
2024-06-18 07:30:00,34,50,330,469,310,726,6382,1825,2616
2024-06-18 07:40:00,32,52,336,470,294,758,6464,1913,2514
2024-06-18 07:50:00,30,52,348,474,279,782,6503,1986,2434
2024-06-18 08:00:00,29,52,362,478,273,804,6563,2064,2324
2024-06-18 08:10:00,26,56,367,496,264,832,6630,2170,2293
2024-06-18 08:20:00,26,56,386,503,250,856,6657,2286,2245
2024-06-18 08:30:00,25,57,395,504,239,875,6726,2363,2151
2024-06-18 08:40:00,25,57,406,512,231,903,6853,2432,2118
2024-06-18 08:50:00,23,60,420,515,214,928,6955,2490,2044
2024-06-18 09:00:00,22,63,423,515,214,947,7021,2592,2044
2024-06-18 09:10:00,22,63,441,515,214,964,7113,2699,2193
2024-06-18 09:20:00,22,67,472,531,230,992,7514,2969,2318
2024-06-18 09:30:00,22,71,480,533,230,1018,7783,3097,2318
2024-06-18 09:40:00,21,73,498,531,222,1042,7946,3199,2086
2024-06-18 09:50:00,19,73,507,527,220,1067,8067,3268,1967
2024-06-18 10:00:00,19,75,528,520,220,1087,8240,3338,1929
2024-06-18 10:10:00,19,75,545,516,220,1099,8454,3415,1858
2024-06-18 10:20:00,18,76,566,516,221,1109,8612,3482,1838
2024-06-18 10:30:00,18,76,566,499,236,1110,8755,3519,1775
2024-06-18 10:40:00,17,75,566,485,244,1129,8919,3538,1739
2024-06-18 10:50:00,16,75,572,484,251,1145,9144,3566,1685
2024-06-18 11:00:00,15,79,585,477,255,1152,9239,3655,1685
2024-06-18 11:10:00,16,79,601,458,283,1157,9387,3729,1680
2024-06-18 11:20:00,15,80,605,451,303,1172,9495,3791,1657
2024-06-18 11:30:00,16,81,620,444,319,1191,9571,3843,1637
2024-06-18 11:40:00,16,85,622,427,332,1192,9658,3927,1637
2024-06-18 11:50:00,17,88,626,427,359,1208,9771,3975,1637
2024-06-18 12:00:00,17,91,631,426,386,1244,9944,4331,1849
2024-06-18 12:10:00,19,93,643,426,407,1271,10093,4527,2000
2024-06-18 12:20:00,19,93,646,416,444,1271,10266,4527,2000
2024-06-18 12:30:00,20,90,658,409,460,1265,10517,4483,1878
2024-06-18 12:40:00,22,90,662,381,479,1265,10669,4483,1878
2024-06-18 12:50:00,22,90,665,378,496,1275,10729,4523,1882
2024-06-18 13:00:00,22,91,707,378,532,1285,11100,4689,1931
2024-06-18 13:10:00,25,95,728,378,555,1306,11454,4922,2025
2024-06-18 13:20:00,26,97,747,359,565,1332,11536,5112,2100
2024-06-18 13:30:00,26,97,766,344,592,1356,11536,5176,2117
2024-06-18 13:40:00,29,99,767,322,621,1375,11328,5240,2149
2024-06-18 13:50:00,29,99,766,314,645,1380,11216,5269,2167
2024-06-18 14:00:00,31,98,760,296,668,1380,11002,5269,2229
2024-06-18 14:10:00,31,98,728,289,695,1356,10752,5230,2326
2024-06-18 14:20:00,32,101,713,276,722,1355,10496,5230,2340
2024-06-18 14:30:00,32,103,697,259,738,1355,10326,5246,2366
2024-06-18 14:40:00,34,103,683,241,775,1355,10101,5331,2432
2024-06-18 14:50:00,37,103,676,225,791,1380,9840,5442,2459
2024-06-18 15:00:00,39,102,676,220,827,1400,9659,5567,2594
2024-06-18 15:10:00,42,102,677,215,874,1426,9489,5847,2821
2024-06-18 15:20:00,44,106,685,210,910,1462,9471,6012,3001
2024-06-18 15:30:00,44,108,685,197,936,1474,9234,6058,3053
2024-06-18 15:40:00,46,108,681,185,953,1482,8806,6126,3061
2024-06-18 15:50:00,47,112,681,183,975,1486,8453,6204,3085
2024-06-18 16:00:00,47,112,686,174,1004,1495,8019,6230,3164
2024-06-18 16:10:00,49,111,686,166,1017,1511,7596,6341,3278
2024-06-18 16:20:00,51,111,684,162,1029,1542,7161,6417,3363
2024-06-18 16:30:00,53,113,673,155,1031,1542,6664,6481,3420
2024-06-18 16:40:00,53,116,657,153,1055,1537,6204,6558,3493
2024-06-18 16:50:00,53,114,657,148,1077,1537,5881,6605,3550
2024-06-18 17:00:00,57,114,665,148,1078,1555,5528,6708,3639
2024-06-18 17:10:00,59,114,684,150,1123,1567,5266,6914,3797
2024-06-18 17:20:00,59,111,684,157,1126,1584,5139,7093,3932
2024-06-18 17:30:00,61,110,679,157,1164,1584,4868,7093,3932
2024-06-18 17:40:00,59,109,676,148,1166,1581,4554,7093,3936
2024-06-18 17:50:00,57,110,668,148,1166,1581,4326,7093,3982
2024-06-18 18:00:00,57,111,668,146,1187,1581,4092,7140,4039
2024-06-18 18:10:00,58,114,670,144,1190,1577,3875,7157,4163
2024-06-18 18:20:00,58,114,694,143,1203,1574,3666,7297,4251
2024-06-18 18:30:00,65,111,700,138,1226,1547,3448,7320,4258
2024-06-18 18:40:00,68,111,706,136,1232,1545,3310,7297,4335
2024-06-18 18:50:00,68,107,708,136,1237,1530,3136,7268,4371
2024-06-18 19:00:00,64,104,709,136,1248,1508,3033,7202,4467
2024-06-18 19:10:00,64,104,709,137,1248,1470,2920,7059,4524
2024-06-18 19:20:00,65,104,701,138,1241,1457,2799,6950,4549
2024-06-18 19:30:00,66,105,699,138,1241,1429,2676,6817,4551
2024-06-18 19:40:00,66,104,699,133,1246,1425,2533,6692,4638
2024-06-18 19:50:00,67,102,691,132,1252,1369,2413,6564,4704
2024-06-18 20:00:00,67,96,688,132,1277,1334,2297,6491,4784
2024-06-18 20:10:00,69,93,688,123,1304,1303,2218,6314,4799
2024-06-18 20:20:00,70,89,666,123,1330,1251,2144,6167,4904
2024-06-18 20:30:00,72,89,654,121,1350,1217,2066,5960,4943
2024-06-18 20:40:00,72,89,646,123,1368,1175,1971,5699,5012
2024-06-18 20:50:00,72,89,644,124,1426,1120,1850,5403,5041
2024-06-18 21:00:00,72,83,643,125,1443,1086,1769,5195,5180
2024-06-18 21:10:00,72,81,643,133,1511,1041,1677,5013,5250
2024-06-18 21:20:00,73,79,649,135,1569,997,1673,4938,5374
2024-06-18 21:30:00,75,76,649,139,1604,953,1585,4715,5477
2024-06-18 21:40:00,75,75,645,139,1684,923,1547,4615,5775
2024-06-18 21:50:00,75,74,642,141,1721,891,1477,4421,5839
2024-06-18 22:00:00,75,72,633,142,1769,850,1432,4100,5850
2024-06-18 22:10:00,75,72,609,148,1769,818,1372,3833,5839
2024-06-18 22:20:00,78,71,609,158,1789,818,1372,3833,5850
2024-06-18 22:30:00,99,71,596,161,1944,712,1350,3246,7540
2024-06-18 22:40:00,99,66,596,162,1944,712,1350,3246,7540
2024-06-18 22:50:00,86,63,589,168,1918,668,1350,2977,6383
2024-06-18 23:00:00,85,62,584,176,1918,630,1350,2784,6339
2024-06-18 23:10:00,85,61,568,185,1944,598,1365,2620,6320
2024-06-18 23:20:00,84,58,558,191,1955,565,1392,2457,6339
2024-06-18 23:30:00,85,58,546,195,1955,540,1433,2327,6328
2024-06-18 23:40:00,86,58,519,196,1955,503,1484,2166,6348
2024-06-18 23:50:00,88,56,517,200,1981,497,1598,2102,6544
2024-06-19 00:00:00,88,56,507,208,1999,479,1735,1971,6552
2024-06-19 00:10:00,90,56,507,211,2004,475,1862,1853,6614
2024-06-19 00:20:00,93,54,516,225,2016,466,2147,1821,6736
2024-06-19 00:30:00,93,53,516,227,2016,466,2305,1789,6736
2024-06-19 00:40:00,94,50,498,227,2009,429,2425,1682,6741
2024-06-19 00:50:00,94,49,487,241,1963,417,2642,1621,6812
2024-06-19 01:00:00,95,48,476,245,1951,410,2831,1535,6846
2024-06-19 01:10:00,95,48,470,253,1920,410,3062,1470,6855
2024-06-19 01:20:00,94,46,457,262,1915,390,3210,1394,6871
2024-06-19 01:30:00,94,43,435,265,1887,376,3376,1342,6885
2024-06-19 01:40:00,94,43,422,266,1843,360,3541,1281,6885
2024-06-19 01:50:00,95,42,414,269,1802,352,3759,1216,6865
2024-06-19 02:00:00,95,41,408,269,1744,348,3911,1188,6770
2024-06-19 02:10:00,95,41,388,269,1706,345,4067,1146,6770
2024-06-19 02:20:00,95,41,374,270,1652,345,4277,1117,6779
2024-06-19 02:30:00,99,40,363,273,1598,336,4430,1083,6779
2024-06-19 02:40:00,99,39,341,273,1549,330,4532,1050,6655
2024-06-19 02:50:00,97,37,333,284,1485,328,4645,1009,6562
2024-06-19 03:00:00,96,37,323,296,1424,328,4751,957,6404
2024-06-19 03:10:00,92,36,320,298,1363,328,4833,948,6327
2024-06-19 03:20:00,87,35,297,298,1305,335,4943,912,6232
2024-06-19 03:30:00,86,35,285,304,1244,335,5091,884,6159
2024-06-19 03:40:00,84,35,273,307,1204,343,5249,864,5972
2024-06-19 03:50:00,80,35,265,314,1153,346,5351,846,5906
2024-06-19 04:00:00,80,35,264,315,1066,354,5512,821,5726
2024-06-19 04:10:00,77,35,250,325,1012,365,5732,821,5550
2024-06-19 04:20:00,77,35,247,328,955,376,5897,841,5422
2024-06-19 04:30:00,76,35,244,329,927,388,6126,857,5277
2024-06-19 04:40:00,72,35,240,337,874,398,6269,878,5126
2024-06-19 04:50:00,69,35,236,343,822,406,6345,899,4948
2024-06-19 05:00:00,67,35,235,347,781,424,6466,916,4791
2024-06-19 05:10:00,65,35,236,349,732,439,6502,942,4672
2024-06-19 05:20:00,63,36,240,353,683,471,6562,991,4505
2024-06-19 05:30:00,60,37,240,365,657,501,6562,1028,4359
2024-06-19 05:40:00,56,37,247,376,626,514,6537,1064,4204
2024-06-19 05:50:00,56,40,253,387,595,547,6537,1113,4061
2024-06-19 06:00:00,54,40,253,397,553,562,6544,1196,3898
2024-06-19 06:10:00,51,42,261,411,527,577,6563,1266,3757
2024-06-19 06:20:00,48,42,264,421,490,607,6573,1347,3632
2024-06-19 06:30:00,46,43,272,429,462,610,6644,1431,3493
2024-06-19 06:40:00,44,45,272,437,441,632,6649,1503,3380
2024-06-19 06:50:00,44,47,286,464,440,665,6669,1653,3380
2024-06-19 07:00:00,42,51,302,490,432,690,6695,1824,3339
2024-06-19 07:10:00,40,54,315,502,399,724,6747,1958,3280
2024-06-19 07:20:00,39,58,329,517,382,749,6826,2037,3104
2024-06-19 07:30:00,38,58,340,522,361,776,6853,2138,3011
2024-06-19 07:40:00,36,59,356,539,325,810,6976,2288,2980
2024-06-19 07:50:00,36,61,387,555,324,845,6994,2393,2977
2024-06-19 08:00:00,36,61,389,555,311,863,7032,2446,2717
2024-06-19 08:10:00,34,64,391,555,296,892,7032,2545,2701
2024-06-19 08:20:00,34,65,412,562,282,929,7122,2674,2637
2024-06-19 08:30:00,34,65,425,584,282,974,7310,2805,2637
2024-06-19 08:40:00,34,74,476,668,302,1262,8035,3501,2922
2024-06-19 08:50:00,34,74,511,689,302,1376,8252,3691,2922
2024-06-19 09:00:00,30,75,532,689,277,1376,8264,3719,2698
2024-06-19 09:10:00,29,80,545,674,277,1376,8269,3727,2698
2024-06-19 09:20:00,29,81,576,663,264,1387,8380,3825,2677
2024-06-19 09:30:00,25,83,595,644,262,1388,8489,3928,2677
2024-06-19 09:40:00,25,85,606,635,257,1401,8572,3976,2443
2024-06-19 09:50:00,24,87,625,630,251,1401,8691,4022,2308
2024-06-19 10:00:00,22,87,635,614,256,1399,8812,4048,2255
2024-06-19 10:10:00,22,87,648,604,256,1399,9016,4131,2234
2024-06-19 10:20:00,23,88,665,600,268,1403,9234,4196,2228
2024-06-19 10:30:00,23,88,673,588,274,1417,9472,4296,2169
2024-06-19 10:40:00,23,89,675,565,281,1423,9730,4370,2074
2024-06-19 10:50:00,22,89,692,549,302,1430,9894,4371,2054
2024-06-19 11:00:00,22,89,697,542,303,1431,10087,4479,2034
2024-06-19 11:10:00,22,88,701,534,331,1437,10235,4547,2034
2024-06-19 11:20:00,23,90,707,530,354,1437,10365,4600,2028
2024-06-19 11:30:00,23,91,714,513,370,1437,10530,4638,1995
2024-06-19 11:40:00,23,92,723,500,388,1435,10672,4696,1995
2024-06-19 11:50:00,23,94,736,487,412,1435,10760,4793,2020
2024-06-19 12:00:00,24,94,737,461,438,1435,10878,4839,2033
2024-06-19 12:10:00,25,95,740,454,462,1443,10966,4885,2084
2024-06-19 12:20:00,26,94,743,435,496,1447,11053,4964,2100
2024-06-19 12:30:00,26,94,745,426,513,1447,11138,5069,2170
2024-06-19 12:40:00,26,94,750,408,547,1457,11199,5093,2176
2024-06-19 12:50:00,27,96,750,397,568,1469,11309,5155,2193
2024-06-19 13:00:00,28,96,753,385,594,1472,11361,5180,2246
2024-06-19 13:10:00,29,97,759,370,623,1476,11363,5197,2325
2024-06-19 13:20:00,33,97,765,352,659,1485,11363,5271,2396
2024-06-19 13:30:00,34,97,764,339,664,1485,11278,5272,2408
2024-06-19 13:40:00,34,97,764,325,691,1485,11219,5328,2479
2024-06-19 13:50:00,37,100,762,304,725,1485,11219,5381,2566
2024-06-19 14:00:00,37,101,752,300,753,1485,11219,5466,2634
2024-06-19 14:10:00,39,101,752,289,778,1495,11117,5532,2726
2024-06-19 14:20:00,41,101,754,275,800,1495,10861,5545,2819
2024-06-19 14:30:00,41,102,754,259,832,1514,10715,5648,2890
2024-06-19 14:40:00,41,103,747,244,865,1516,10539,5705,2928
2024-06-19 14:50:00,41,104,747,236,885,1516,10343,5813,3017
2024-06-19 15:00:00,42,107,747,224,906,1520,10104,5893,3039
2024-06-19 15:10:00,43,108,747,210,933,1532,9752,5959,3165
2024-06-19 15:20:00,45,109,746,209,999,1547,9525,6166,3318
2024-06-19 15:30:00,47,113,754,201,1019,1589,9150,6323,3379
2024-06-19 15:40:00,48,116,759,194,1046,1597,8792,6358,3498
2024-06-19 15:50:00,48,116,762,188,1048,1604,8352,6420,3532
2024-06-19 16:00:00,52,116,763,180,1071,1632,7952,6526,3625
2024-06-19 16:10:00,55,115,762,177,1119,1633,7495,6547,3766
2024-06-19 16:20:00,55,115,748,167,1124,1646,7185,6609,3887
2024-06-19 16:30:00,55,114,747,161,1129,1646,6819,6632,3960
2024-06-19 16:40:00,55,111,744,159,1160,1647,6423,6632,4035
2024-06-19 16:50:00,56,111,744,155,1163,1647,6073,6741,4100
2024-06-19 17:00:00,58,115,744,150,1174,1647,5728,6744,4138
2024-06-19 17:10:00,61,115,746,150,1186,1648,5412,6860,4237
2024-06-19 17:20:00,61,115,746,155,1188,1648,5174,6860,4313
2024-06-19 17:30:00,61,112,746,155,1199,1656,4825,6847,4422
2024-06-19 17:40:00,61,112,742,145,1205,1656,4552,6833,4455
2024-06-19 17:50:00,61,111,742,139,1207,1651,4319,6825,4458
2024-06-19 18:00:00,62,112,742,139,1209,1632,4100,6833,4495
2024-06-19 18:10:00,62,111,747,138,1218,1630,3926,7003,4572
2024-06-19 18:20:00,65,108,750,135,1222,1615,3725,7184,4605
2024-06-19 18:30:00,66,108,750,135,1241,1612,3534,7195,4687
2024-06-19 18:40:00,67,106,750,134,1244,1594,3298,7238,4710
2024-06-19 18:50:00,69,106,748,134,1244,1571,3159,7238,4823
2024-06-19 19:00:00,68,103,740,129,1251,1544,2978,7238,4825
2024-06-19 19:10:00,69,101,743,129,1261,1544,2882,7182,4903
2024-06-19 19:20:00,68,101,740,129,1264,1523,2750,7088,4997
2024-06-19 19:30:00,69,99,734,126,1275,1502,2604,6969,5042
2024-06-19 19:40:00,69,96,725,127,1288,1470,2489,6773,5071
2024-06-19 19:50:00,69,95,722,127,1308,1427,2368,6610,5089
2024-06-19 20:00:00,67,95,722,127,1329,1375,2283,6510,5194
2024-06-19 20:10:00,67,91,720,124,1329,1321,2189,6352,5196
2024-06-19 20:20:00,67,90,709,118,1334,1312,2087,6215,5273
2024-06-19 20:30:00,67,87,700,117,1352,1260,1983,6034,5341
2024-06-19 20:40:00,70,85,692,117,1382,1215,1896,5831,5411
2024-06-19 20:50:00,70,84,689,124,1402,1169,1807,5633,5495
2024-06-19 21:00:00,70,78,678,127,1414,1134,1711,5415,5622
2024-06-19 21:10:00,71,77,672,129,1474,1084,1653,5218,5642
2024-06-19 21:20:00,75,77,671,136,1547,1043,1595,5032,5645
2024-06-19 21:30:00,76,74,655,140,1587,989,1545,4714,5712
2024-06-19 21:40:00,76,72,655,142,1660,937,1470,4477,5823
2024-06-19 21:50:00,77,71,638,144,1684,879,1420,4256,5913
2024-06-19 22:00:00,79,68,636,150,1725,852,1375,4008,5916
2024-06-19 22:10:00,79,67,627,150,1741,822,1347,3828,6015
2024-06-19 22:20:00,79,67,602,153,1780,762,1342,3607,6075
2024-06-19 22:30:00,76,67,594,154,1833,728,1306,3367,6084
2024-06-19 22:40:00,73,65,590,157,1862,694,1305,3250,6177
2024-06-19 22:50:00,73,62,586,166,1870,672,1304,3002,6250
2024-06-19 23:00:00,76,60,578,178,1899,637,1305,2836,6318
2024-06-19 23:10:00,79,58,566,183,1913,603,1342,2666,6389
2024-06-19 23:20:00,83,57,557,194,1939,582,1381,2460,6415
2024-06-19 23:30:00,86,54,545,200,1939,556,1450,2324,6464
2024-06-19 23:40:00,86,52,539,208,1939,531,1515,2222,6525
2024-06-19 23:50:00,87,51,533,211,1944,512,1623,2114,6601
2024-06-20 00:00:00,86,50,522,213,1956,499,1727,1973,6609
2024-06-20 00:10:00,88,50,505,217,1971,472,1850,1877,6654
2024-06-20 00:20:00,90,49,500,229,1971,471,2024,1784,6677
2024-06-20 00:30:00,91,48,494,233,1961,469,2202,1690,6739
2024-06-20 00:40:00,91,48,473,239,1950,438,2382,1616,6781
2024-06-20 00:50:00,90,48,457,242,1919,409,2528,1535,6794
2024-06-20 01:00:00,90,48,442,249,1901,399,2713,1462,6794
2024-06-20 01:10:00,91,47,434,251,1865,387,2903,1411,6799
2024-06-20 01:20:00,91,46,425,253,1860,384,3127,1350,6835
2024-06-20 01:30:00,91,44,412,255,1845,376,3224,1286,6835
2024-06-20 01:40:00,90,44,397,256,1819,364,3364,1250,6828
2024-06-20 01:50:00,90,44,397,272,1802,364,3552,1241,6828
2024-06-20 02:00:00,89,44,393,280,1793,361,3721,1234,6828
2024-06-20 02:10:00,90,42,377,283,1737,344,3897,1153,6794
2024-06-20 02:20:00,90,41,367,280,1704,344,4069,1124,6750
2024-06-20 02:30:00,90,41,358,283,1664,338,4253,1061,6675
2024-06-20 02:40:00,90,39,349,286,1638,334,4422,1009,6674
2024-06-20 02:50:00,88,39,340,290,1578,331,4533,997,6557
2024-06-20 03:00:00,87,38,317,302,1524,328,4693,968,6461
2024-06-20 03:10:00,86,38,306,303,1464,328,4796,950,6321
2024-06-20 03:20:00,86,37,294,304,1427,339,4903,930,6217
2024-06-20 03:30:00,84,36,289,305,1370,341,5014,916,6058
2024-06-20 03:40:00,84,35,278,315,1315,342,5121,880,5923
2024-06-20 03:50:00,80,35,274,326,1252,347,5279,868,5798
2024-06-20 04:00:00,73,35,267,331,1181,371,5423,865,5662
2024-06-20 04:10:00,70,34,262,332,1151,378,5588,864,5476
2024-06-20 04:20:00,68,33,256,340,1090,399,5857,864,5349
2024-06-20 04:30:00,68,33,256,347,1037,413,6053,892,5201
2024-06-20 04:40:00,67,33,250,349,980,417,6183,896,5056
2024-06-20 04:50:00,65,34,250,350,916,433,6340,935,4897
2024-06-20 05:00:00,64,34,250,359,884,445,6405,966,4745
2024-06-20 05:10:00,58,34,252,371,847,458,6423,971,4600
2024-06-20 05:20:00,56,34,255,372,795,498,6457,1054,4400
2024-06-20 05:30:00,56,34,256,381,752,516,6509,1073,4210
2024-06-20 05:40:00,56,35,261,394,714,543,6534,1114,4048
2024-06-20 05:50:00,54,38,265,404,693,564,6641,1176,3907
2024-06-20 06:00:00,53,40,270,416,652,587,6709,1254,3738
2024-06-20 06:10:00,50,44,272,437,613,623,6808,1338,3664
2024-06-20 06:20:00,50,45,287,448,590,645,6876,1435,3528
2024-06-20 06:30:00,49,45,296,450,549,669,6882,1513,3384
2024-06-20 06:40:00,49,45,300,463,524,684,6889,1589,3263
2024-06-20 06:50:00,44,45,316,487,508,704,6894,1700,3189
2024-06-20 07:00:00,44,46,325,491,482,726,6907,1769,3151
2024-06-20 07:10:00,44,46,331,518,482,762,7026,1927,3151
2024-06-20 07:20:00,49,54,404,662,527,884,8502,2625,4122
2024-06-20 07:30:00,49,59,426,663,527,935,8758,2821,4122
2024-06-20 07:40:00,47,62,446,737,461,943,8758,2936,3770
2024-06-20 07:50:00,42,65,459,732,424,958,8757,3001,3711
2024-06-20 08:00:00,39,65,468,732,404,977,8757,3121,3533
2024-06-20 08:10:00,38,67,480,729,378,994,8787,3230,3407
2024-06-20 08:20:00,38,67,502,717,362,1016,8818,3335,3250
2024-06-20 08:30:00,36,68,515,717,350,1051,8893,3441,3104
2024-06-20 08:40:00,35,70,528,712,336,1073,8939,3518,3034
2024-06-20 08:50:00,31,73,540,702,319,1079,8999,3619,2959
2024-06-20 09:00:00,31,74,562,700,308,1101,9113,3660,2844
2024-06-20 09:10:00,31,74,573,700,308,1124,9148,3719,2844
2024-06-20 09:20:00,31,74,595,706,311,1164,9280,3870,3039
2024-06-20 09:30:00,30,74,612,706,311,1185,9453,3979,3039
2024-06-20 09:40:00,26,78,621,705,284,1206,9628,4054,2695
2024-06-20 09:50:00,25,78,648,684,279,1210,9776,4124,2570
2024-06-20 10:00:00,25,80,677,675,284,1228,10020,4199,2484
2024-06-20 10:10:00,25,81,678,669,285,1237,10263,4257,2451
2024-06-20 10:20:00,25,82,682,662,294,1261,10528,4389,2421
2024-06-20 10:30:00,25,82,695,658,304,1286,10751,4437,2329
2024-06-20 10:40:00,24,86,699,642,321,1293,11039,4535,2305
2024-06-20 10:50:00,24,87,718,641,334,1312,11211,4589,2250
2024-06-20 11:00:00,24,89,733,625,338,1339,11390,4633,2250
2024-06-20 11:10:00,24,92,746,611,353,1354,11604,4658,2265
2024-06-20 11:20:00,24,93,748,598,377,1372,11779,4746,2265
2024-06-20 11:30:00,24,92,748,583,399,1388,11867,4796,2226
2024-06-20 11:40:00,25,92,747,559,411,1388,12017,4872,2226
2024-06-20 11:50:00,25,90,747,542,435,1389,12091,4938,2251
2024-06-20 12:00:00,27,90,754,528,464,1391,12257,4986,2252
2024-06-20 12:10:00,28,90,759,515,489,1394,12357,5020,2360
2024-06-20 12:20:00,29,90,762,496,516,1405,12576,5085,2424
2024-06-20 12:30:00,30,90,764,477,550,1425,12791,5119,2432
2024-06-20 12:40:00,34,93,764,471,587,1433,12840,5154,2480
2024-06-20 12:50:00,34,95,770,460,618,1433,12852,5230,2528
2024-06-20 13:00:00,34,95,777,434,646,1428,12865,5292,2609
2024-06-20 13:10:00,36,97,783,428,671,1428,12873,5354,2722
2024-06-20 13:20:00,37,97,787,399,712,1445,12996,5431,2748
2024-06-20 13:30:00,37,104,796,392,752,1449,13019,5530,2773
2024-06-20 13:40:00,37,104,801,373,760,1449,13019,5577,2785
2024-06-20 13:50:00,38,100,809,359,794,1462,12870,5607,2831
2024-06-20 14:00:00,41,98,814,338,831,1484,12742,5741,2911
2024-06-20 14:10:00,43,98,812,330,860,1503,12614,5835,3021
2024-06-20 14:20:00,46,100,812,320,910,1504,12583,5926,3077
2024-06-20 14:30:00,46,100,807,302,939,1519,12434,5991,3116
2024-06-20 14:40:00,50,103,807,294,993,1535,12173,6183,3270
2024-06-20 14:50:00,50,104,807,279,1007,1541,11897,6395,3338
2024-06-20 15:00:00,53,106,816,264,1054,1553,11599,6502,3427
2024-06-20 15:10:00,55,104,816,255,1101,1574,11265,6660,3593
2024-06-20 15:20:00,55,106,809,246,1149,1611,11033,6891,3724
2024-06-20 15:30:00,56,108,809,230,1156,1631,10643,6988,3732
2024-06-20 15:40:00,58,112,823,218,1210,1631,10233,7034,3776
2024-06-20 15:50:00,61,120,823,212,1231,1641,9751,7062,3881
2024-06-20 16:00:00,61,120,823,200,1265,1684,9311,7264,3948
2024-06-20 16:10:00,61,121,823,195,1276,1692,8991,7277,4110
2024-06-20 16:20:00,61,121,821,190,1311,1684,8753,7345,4255
2024-06-20 16:30:00,63,123,818,184,1322,1686,8153,7398,4265
2024-06-20 16:40:00,63,123,818,178,1332,1686,7681,7410,4281
2024-06-20 16:50:00,67,120,818,172,1355,1698,7205,7411,4371
2024-06-20 17:00:00,67,115,830,171,1355,1698,6867,7414,4485
2024-06-20 17:10:00,67,114,830,171,1357,1698,6442,7559,4578
2024-06-20 17:20:00,66,114,827,168,1388,1704,6047,7648,4605
2024-06-20 17:30:00,66,114,816,168,1388,1704,5681,7648,4619
2024-06-20 17:40:00,65,114,816,157,1394,1704,5314,7633,4667
2024-06-20 17:50:00,64,112,815,153,1395,1677,4986,7498,4745
2024-06-20 18:00:00,64,112,815,153,1395,1679,4730,7633,4748
2024-06-20 18:10:00,64,113,815,157,1410,1679,4611,7724,4869
2024-06-20 18:20:00,70,114,854,164,1526,1706,4544,8124,5206
2024-06-20 18:30:00,74,114,854,164,1526,1706,4195,8124,5206
2024-06-20 18:40:00,74,111,837,152,1508,1648,3899,7942,5222
2024-06-20 18:50:00,72,109,834,149,1505,1623,3662,7887,5183
2024-06-20 19:00:00,71,109,833,142,1504,1609,3470,7840,5215
2024-06-20 19:10:00,70,107,822,141,1504,1573,3351,7656,5215
2024-06-20 19:20:00,70,99,813,141,1504,1546,3150,7490,5257
2024-06-20 19:30:00,70,97,809,136,1502,1531,3015,7378,5302
2024-06-20 19:40:00,70,94,780,139,1501,1483,2869,7203,5371
2024-06-20 19:50:00,70,94,780,139,1502,1443,2704,7063,5461
2024-06-20 20:00:00,70,95,780,139,1528,1430,2618,6928,5526
2024-06-20 20:10:00,71,95,781,134,1553,1370,2449,6726,5535
2024-06-20 20:20:00,74,87,780,132,1572,1335,2335,6623,5679
2024-06-20 20:30:00,74,85,752,134,1621,1281,2230,6379,5747
2024-06-20 20:40:00,73,85,738,139,1641,1242,2122,6177,5896
2024-06-20 20:50:00,73,85,737,147,1657,1188,2041,5906,5972
2024-06-20 21:00:00,75,85,733,150,1688,1135,1937,5607,6090
2024-06-20 21:10:00,76,88,733,152,1751,1103,1879,5580,6204
2024-06-20 21:20:00,79,88,748,158,1827,1059,1807,5525,6385
2024-06-20 21:30:00,82,87,748,161,1883,1024,1752,5270,6476
2024-06-20 21:40:00,83,83,743,169,1945,981,1726,5071,6625
2024-06-20 21:50:00,83,82,716,175,2027,922,1673,4839,6727
2024-06-20 22:00:00,87,82,716,188,2027,922,1673,4839,6857
2024-06-20 22:10:00,135,97,955,322,2841,1024,3673,7798,13115
2024-06-20 22:20:00,290,183,1723,994,4891,1742,10746,15770,26433
2024-06-20 22:30:00,290,183,1723,994,4891,1742,10746,15770,26433
2024-06-20 22:40:00,218,135,1257,746,3515,1294,6554,9702,15718
2024-06-20 22:50:00,188,110,1008,606,3094,963,4787,6845,13115
2024-06-20 23:00:00,165,101,914,518,2856,839,4109,5417,11985
2024-06-20 23:10:00,153,92,852,470,2842,763,4089,4699,11485
2024-06-20 23:20:00,151,84,787,463,2772,722,4089,4165,11026
2024-06-20 23:30:00,143,80,743,457,2677,670,4140,3715,10609
2024-06-20 23:40:00,135,76,716,452,2602,618,4355,3373,10343
2024-06-20 23:50:00,131,71,681,444,2551,602,4692,3097,10210
2024-06-21 00:00:00,127,70,670,452,2492,571,4840,2804,10053
2024-06-21 00:10:00,126,68,641,455,2441,547,5102,2621,10012
2024-06-21 00:20:00,126,66,632,457,2373,531,5478,2505,9954
2024-06-21 00:30:00,126,62,611,460,2297,514,5704,2307,9812
2024-06-21 00:40:00,125,59,580,457,2250,505,5832,2151,9671
2024-06-21 00:50:00,121,57,572,457,2164,477,6112,1951,9653
2024-06-21 01:00:00,121,57,547,457,2110,453,6237,1950,9550
2024-06-21 01:10:00,121,55,539,458,2081,443,6400,1821,9491
2024-06-21 01:20:00,121,53,520,458,2063,425,6664,1732,9439
2024-06-21 01:30:00,116,52,499,457,2030,412,6867,1634,9334
2024-06-21 01:40:00,116,50,479,457,1993,400,7008,1557,9221
2024-06-21 01:50:00,116,48,469,458,1931,399,7134,1479,9121
2024-06-21 02:00:00,109,48,454,459,1879,392,7312,1417,9112
2024-06-21 02:10:00,109,48,446,464,1824,392,7467,1374,8903
2024-06-21 02:20:00,109,48,444,467,1824,395,7621,1318,8787
2024-06-21 02:30:00,110,47,427,467,1808,395,7850,1271,8762
2024-06-21 02:40:00,110,45,407,466,1808,389,7905,1233,8636
2024-06-21 02:50:00,109,44,398,466,1766,378,7996,1183,8480
2024-06-21 03:00:00,105,43,380,474,1711,378,7996,1165,8247
2024-06-21 03:10:00,105,42,378,479,1655,383,8046,1163,8138
2024-06-21 03:20:00,104,41,360,481,1591,402,8225,1137,8034
2024-06-21 03:30:00,105,41,347,485,1536,411,8372,1137,7899
2024-06-21 03:40:00,104,41,347,490,1469,421,8454,1130,7776
2024-06-21 03:50:00,97,41,334,492,1410,431,8713,1128,7558
2024-06-21 04:00:00,94,41,327,505,1353,432,9030,1130,7317
2024-06-21 04:10:00,94,41,326,510,1293,453,9357,1135,7186
2024-06-21 04:20:00,92,42,317,519,1214,478,9696,1229,6957
2024-06-21 04:30:00,89,45,314,519,1154,497,10070,1271,6722
2024-06-21 04:40:00,87,45,311,519,1112,509,10224,1297,6481
2024-06-21 04:50:00,86,45,311,521,1062,520,10224,1369,6266
2024-06-21 05:00:00,83,46,309,531,1008,551,10160,1434,5935
2024-06-21 05:10:00,75,46,309,545,950,566,9932,1499,5725
2024-06-21 05:20:00,70,48,315,557,890,575,9784,1622,5463
2024-06-21 05:30:00,68,49,321,576,853,606,9678,1707,5263
2024-06-21 05:40:00,65,50,333,585,803,626,9642,1781,5027
2024-06-21 05:50:00,65,51,334,603,761,652,9556,1897,4798
2024-06-21 06:00:00,63,51,335,621,719,685,9451,1969,4601
2024-06-21 06:10:00,60,52,338,626,680,702,9439,2102,4392
2024-06-21 06:20:00,60,55,348,641,645,747,9439,2269,4221
2024-06-21 06:30:00,59,57,360,647,608,770,9401,2370,4049
2024-06-21 06:40:00,54,59,376,661,578,800,9401,2471,3843
2024-06-21 06:50:00,49,61,395,672,538,812,9379,2595,3713
2024-06-21 07:00:00,45,62,398,672,495,835,9379,2710,3564
2024-06-21 07:10:00,42,64,408,674,474,864,9376,2844,3469
2024-06-21 07:20:00,40,64,417,685,466,882,9391,2977,3391
2024-06-21 07:30:00,40,65,422,695,433,908,9407,3078,3217
2024-06-21 07:40:00,37,65,432,714,407,929,9407,3138,3032
2024-06-21 07:50:00,36,65,452,731,381,953,9462,3243,2909
2024-06-21 08:00:00,35,67,458,736,368,960,9529,3315,2790
2024-06-21 08:10:00,34,69,476,736,337,994,9636,3459,2719
2024-06-21 08:20:00,33,71,500,732,319,1024,9717,3564,2605
2024-06-21 08:30:00,31,73,523,728,300,1035,9759,3604,2533
2024-06-21 08:40:00,30,73,525,722,296,1036,9958,3684,2470
2024-06-21 08:50:00,30,72,541,715,282,1066,10149,3751,2377
2024-06-21 09:00:00,30,72,566,708,263,1085,10224,3835,2308
2024-06-21 09:10:00,30,72,570,708,263,1095,10278,3949,2308
2024-06-21 09:20:00,30,76,598,703,263,1128,10548,4025,2334
2024-06-21 09:30:00,26,77,615,703,257,1156,10834,4087,2334
2024-06-21 09:40:00,25,79,628,689,244,1157,11166,4215,2112
2024-06-21 09:50:00,24,79,652,689,244,1175,11470,4304,2006
2024-06-21 10:00:00,23,78,663,691,252,1196,11857,4376,1971
2024-06-21 10:10:00,22,78,670,691,253,1198,12240,4475,1936
2024-06-21 10:20:00,22,82,692,673,255,1217,12601,4555,1870
2024-06-21 10:30:00,22,86,707,654,264,1229,13040,4612,1820
2024-06-21 10:40:00,22,86,715,640,272,1248,13301,4682,1819
2024-06-21 10:50:00,21,87,717,639,280,1261,13618,4795,1801
2024-06-21 11:00:00,21,87,730,625,297,1264,13836,4816,1768
2024-06-21 11:10:00,21,87,732,609,308,1275,14027,4898,1768
2024-06-21 11:20:00,22,87,735,600,336,1311,14306,4961,1768
2024-06-21 11:30:00,22,87,740,581,359,1319,14450,5020,1775
2024-06-21 11:40:00,22,91,745,577,376,1319,14567,5141,1775
2024-06-21 11:50:00,22,91,763,569,400,1317,14727,5198,1832
2024-06-21 12:00:00,23,91,771,555,421,1317,14849,5292,1853
2024-06-21 12:10:00,23,93,773,546,445,1317,14935,5353,1926
2024-06-21 12:20:00,24,93,773,536,473,1328,14961,5381,1932
2024-06-21 12:30:00,24,93,786,528,494,1340,15033,5477,1958
2024-06-21 12:40:00,26,98,791,508,519,1354,15064,5595,2040
2024-06-21 12:50:00,26,99,797,497,551,1354,15104,5665,2115
2024-06-21 13:00:00,27,101,798,479,578,1374,15104,5747,2145
2024-06-21 13:10:00,30,101,798,464,599,1374,15058,5815,2266
2024-06-21 13:20:00,30,99,796,433,643,1379,15058,5860,2343
2024-06-21 13:30:00,32,99,796,424,671,1385,15095,5921,2362
2024-06-21 13:40:00,33,99,795,414,715,1416,15095,5966,2442
2024-06-21 13:50:00,36,103,795,397,740,1427,15024,6040,2515
2024-06-21 14:00:00,36,105,795,387,762,1427,14810,6114,2590
2024-06-21 14:10:00,39,108,795,368,788,1426,14665,6141,2715
2024-06-21 14:20:00,39,108,801,349,815,1426,14581,6245,2766
2024-06-21 14:30:00,42,111,801,346,849,1451,14485,6302,2805
2024-06-21 14:40:00,44,115,791,333,895,1462,14280,6348,2852
2024-06-21 14:50:00,44,115,791,327,910,1481,13982,6488,2985
2024-06-21 15:00:00,46,113,802,311,938,1515,13687,6537,3088
2024-06-21 15:10:00,47,112,802,296,972,1521,13284,6634,3166
2024-06-21 15:20:00,49,112,802,278,994,1542,12962,6733,3223
2024-06-21 15:30:00,49,117,798,266,1042,1547,12645,6823,3259
2024-06-21 15:40:00,50,119,798,255,1083,1557,12244,6827,3341
2024-06-21 15:50:00,51,120,799,244,1100,1558,11793,6927,3444
2024-06-21 16:00:00,51,121,799,234,1149,1558,11395,6938,3507
2024-06-21 16:10:00,51,122,799,234,1184,1569,10744,6966,3625
2024-06-21 16:20:00,60,135,832,233,1486,1669,10599,7506,4175
2024-06-21 16:30:00,73,145,860,233,1772,1739,10382,7851,4567
2024-06-21 16:40:00,81,151,885,232,1837,1773,9965,7952,4709
2024-06-21 16:50:00,93,175,927,231,2050,1858,9641,8267,5030
2024-06-21 17:00:00,103,183,934,219,2055,1864,9137,8368,5131
2024-06-21 17:10:00,104,183,934,210,2055,1864,8560,8368,5133
2024-06-21 17:20:00,104,182,923,210,2033,1867,8102,8271,5208
2024-06-21 17:30:00,104,177,922,198,2017,1867,7665,8138,5216
2024-06-21 17:40:00,109,174,923,192,2008,1836,7205,8107,5276
2024-06-21 17:50:00,109,174,926,187,1973,1813,6790,8080,5294
2024-06-21 18:00:00,109,167,934,182,1950,1799,6412,8080,5296
2024-06-21 18:10:00,109,166,926,174,1950,1799,6102,8147,5375
2024-06-21 18:20:00,106,165,907,170,1967,1799,5810,8261,5444
2024-06-21 18:30:00,106,163,907,170,1967,1776,5492,8261,5483
2024-06-21 18:40:00,107,156,898,164,1943,1749,5177,8231,5526
2024-06-21 18:50:00,107,155,898,161,1941,1708,4864,8190,5541
2024-06-21 19:00:00,104,153,898,154,1920,1695,4630,8124,5578
2024-06-21 19:10:00,104,153,904,150,1914,1678,4384,8074,5634
2024-06-21 19:20:00,107,146,904,149,1914,1650,4159,7950,5691
2024-06-21 19:30:00,107,140,889,147,1921,1629,3870,7832,5751
2024-06-21 19:40:00,107,140,869,145,1924,1602,3657,7751,5772
2024-06-21 19:50:00,107,133,868,140,1942,1555,3496,7596,5828
2024-06-21 20:00:00,105,132,864,140,1944,1526,3313,7533,5885
2024-06-21 20:10:00,104,131,862,139,1999,1492,3170,7467,5979
2024-06-21 20:20:00,104,131,850,143,2016,1433,3002,7285,6032
2024-06-21 20:30:00,106,125,835,139,2016,1392,2819,7130,6068
2024-06-21 20:40:00,107,121,829,143,2048,1339,2668,6823,6146
2024-06-21 20:50:00,108,118,822,146,2074,1299,2548,6697,6227
2024-06-21 21:00:00,108,118,805,147,2109,1255,2411,6433,6228
2024-06-21 21:10:00,108,117,803,147,2148,1200,2322,6433,6228
2024-06-21 21:20:00,108,117,801,155,2286,1183,2258,6313,6515
2024-06-21 21:30:00,108,114,801,170,2359,1158,2120,6284,6610
2024-06-21 21:40:00,108,111,782,175,2399,1094,2045,5997,6630
2024-06-21 21:50:00,109,106,780,186,2433,1049,1978,5741,6690
2024-06-21 22:00:00,114,106,763,190,2505,1003,1931,5496,6750
2024-06-21 22:10:00,119,106,751,199,2508,952,1881,5261,6854
2024-06-21 22:20:00,119,99,721,215,2560,927,1864,4990,6857
2024-06-21 22:30:00,118,94,709,234,2569,876,1817,4692,6880
2024-06-21 22:40:00,117,91,699,240,2584,835,1817,4462,6888
2024-06-21 22:50:00,118,91,693,256,2584,789,1834,4195,6906
2024-06-21 23:00:00,118,89,682,276,2592,754,1843,3957,6906
2024-06-21 23:10:00,119,88,680,280,2592,721,1903,3702,6946
2024-06-21 23:20:00,119,85,667,302,2621,693,1970,3507,7047
2024-06-21 23:30:00,121,81,640,314,2621,645,2061,3303,7055
2024-06-21 23:40:00,119,77,633,337,2598,622,2173,3113,7145
2024-06-21 23:50:00,121,74,607,351,2574,588,2341,2938,7216
2024-06-22 00:00:00,122,73,599,356,2554,557,2499,2751,7266
2024-06-22 00:10:00,125,73,582,373,2546,545,2695,2609,7340
2024-06-22 00:20:00,125,73,579,393,2515,540,2961,2489,7376
2024-06-22 00:30:00,126,69,570,400,2494,521,3201,2340,7378
2024-06-22 00:40:00,126,68,554,412,2449,501,3447,2247,7397
2024-06-22 00:50:00,126,66,554,442,2414,468,3736,2114,7435
2024-06-22 01:00:00,124,63,526,445,2394,467,4033,1990,7490
2024-06-22 01:10:00,124,62,513,459,2394,446,4348,1905,7497
2024-06-22 01:20:00,124,61,506,472,2394,441,4642,1818,7594
2024-06-22 01:30:00,124,61,495,479,2346,426,5006,1727,7617
2024-06-22 01:40:00,125,59,472,504,2324,415,5329,1666,7595
2024-06-22 01:50:00,125,58,469,507,2245,405,5628,1589,7595
2024-06-22 02:00:00,125,56,454,527,2215,394,5965,1526,7595
2024-06-22 02:10:00,124,55,439,532,2200,391,6239,1458,7662
2024-06-22 02:20:00,125,54,427,537,2200,384,6581,1404,7662
2024-06-22 02:30:00,124,54,403,537,2219,382,6814,1340,7627
2024-06-22 02:40:00,124,53,397,537,2219,380,7191,1297,7614
2024-06-22 02:50:00,120,53,381,540,2163,379,7483,1248,7588
2024-06-22 03:00:00,120,50,378,553,2080,379,7727,1189,7376
2024-06-22 03:10:00,119,49,363,559,2010,383,7899,1149,7346
2024-06-22 03:20:00,121,49,349,573,1960,390,8118,1109,7329
2024-06-22 03:30:00,119,46,340,577,1900,391,8328,1074,7293
2024-06-22 03:40:00,116,45,331,589,1818,397,8532,1051,7109
2024-06-22 03:50:00,112,45,318,589,1748,405,8765,1016,7009
2024-06-22 04:00:00,112,45,313,579,1662,420,8905,991,6864
2024-06-22 04:10:00,109,45,306,579,1576,423,9102,982,6778
2024-06-22 04:20:00,109,44,301,579,1518,436,9333,982,6688
2024-06-22 04:30:00,107,44,293,581,1451,448,9514,995,6426
2024-06-22 04:40:00,106,44,282,597,1366,461,9696,1002,6258
2024-06-22 04:50:00,103,44,282,599,1329,485,9905,1022,6123
2024-06-22 05:00:00,97,45,290,608,1296,489,10028,1044,6031
2024-06-22 05:10:00,97,45,291,623,1237,509,10147,1081,5925
